"batch_file","row_in_batch","key","pubmed_id","doi","title","year","journal","A_decision","A_confidence","A_labels","B_decision","B_confidence","B_labels","comparison_status","conflict_priority","provisional_decision","human_review_needed"
"reviewer_A_batch_01_rows_0001-0250.csv","1","rayyan-550686121","30617318","10.1038/s41591-018-0240-2","Screening for cardiac contractile dysfunction using an artificial intelligence-enabled electrocardiogram.","2019","Nature medicine","include","0.95","AI-ECG;Structural-heart-disease;Reduced-EF;DTA-data","include","1","AI-ECG;Structural-heart-disease;Reduced-EF;DTA-data","agreement","none","include","no"
"reviewer_A_batch_01_rows_0001-0250.csv","4","rayyan-550686124","37831014","10.1016/j.jcmg.2023.07.012","Improved Diagnostic Criteria for Apical Hypertrophic Cardiomyopathy.","2024","JACC. Cardiovascular imaging","include","1","AI-ECG;Structural-heart-disease;LVH-HCM;DTA-data;External-validation","include","1","AI-ECG;Structural-heart-disease;LVH-HCM;DTA-data","agreement","none","include","no"
"reviewer_A_batch_01_rows_0001-0250.csv","6","rayyan-550686126","34218880","10.1016/j.mayocp.2021.04.023","Artificial Intelligence-Enhanced Electrocardiogram for the Early Detection of Cardiac Amyloidosis.","2021","Mayo Clinic proceedings","include","0.95","AI-ECG;Structural-heart-disease;DTA-data","include","1","AI-ECG;Structural-heart-disease;DTA-data","agreement","none","include","no"
"reviewer_A_batch_01_rows_0001-0250.csv","7","rayyan-550686127","31378392","10.1016/S0140-6736(19)31721-0","An artificial intelligence-enabled ECG algorithm for the identification of patients with atrial fibrillation during sinus rhythm: a retrospective analysis of outcome prediction.","2019","Lancet (London, England)","include","1","AI-ECG;Structural-heart-disease;Reduced-EF;DTA-data;External-validation","include","1","AI-ECG;Structural-heart-disease;Reduced-EF;DTA-data","agreement","none","include","no"
"reviewer_A_batch_01_rows_0001-0250.csv","8","rayyan-550686128","40670798","10.1038/s41586-025-09227-0","Detecting structural heart disease from electrocardiograms using AI.","2025","Nature","include","1","AI-ECG;Structural-heart-disease;DTA-data;External-validation","include","1","AI-ECG;Structural-heart-disease;DTA-data;External-validation","agreement","none","include","no"
"reviewer_A_batch_01_rows_0001-0250.csv","9","rayyan-550686129","39223284","10.1038/s41591-024-03243-9","Artificial intelligence guided screening for cardiomyopathies in an obstetric population: a pragmatic randomized clinical trial.","2024","Nature medicine","include","0.95","AI-ECG;Structural-heart-disease;Reduced-EF;DTA-data","include","1","AI-ECG;Structural-heart-disease;Reduced-EF;DTA-data","agreement","none","include","no"
"reviewer_A_batch_01_rows_0001-0250.csv","10","rayyan-550686130","40679604","10.1093/eurheartj/ehaf450","Artificial intelligence-enabled electrocardiography and echocardiography to track preclinical progression of transthyretin amyloid cardiomyopathy.","2025","European heart journal","include","0.95","AI-ECG;Structural-heart-disease;DTA-data","include","1","AI-ECG;Structural-heart-disease;DTA-data","agreement","none","include","no"
"reviewer_A_batch_01_rows_0001-0250.csv","14","rayyan-550686134","34147447","10.1016/j.jcmg.2021.05.015","Machine Learning for ECG Diagnosis of LV Dysfunction.","2021","JACC. Cardiovascular imaging","include","0.95","AI-ECG;Structural-heart-disease;Reduced-EF;DTA-data","include","1","AI-ECG;Structural-heart-disease;Reduced-EF;DTA-data","agreement","none","include","no"
"reviewer_A_batch_01_rows_0001-0250.csv","15","rayyan-550686135","40696040","10.1038/s44161-025-00685-3","Identification of hypertrophic cardiomyopathy on electrocardiographic images with deep learning.","2025","Nature cardiovascular research","include","1","AI-ECG;Structural-heart-disease;LVH-HCM;DTA-data;External-validation","include","1","AI-ECG;Structural-heart-disease;LVH-HCM;DTA-data;External-validation","agreement","none","include","no"
"reviewer_A_batch_01_rows_0001-0250.csv","16","rayyan-550686136","35272811","10.1016/j.jcmg.2022.02.001","Imaging With Deep Learning: Sharpening the Cutting Edge.","2022","JACC. Cardiovascular imaging","include","0.95","AI-ECG;Structural-heart-disease;Reduced-EF;DTA-data","include","1","AI-ECG;Structural-heart-disease;Reduced-EF;DTA-data","agreement","none","include","no"
"reviewer_A_batch_01_rows_0001-0250.csv","17","rayyan-550686137","40365710","10.1161/CIRCHEARTFAILURE.124.012667","Detection of Hypertrophic Cardiomyopathy on Electrocardiogram Using Artificial Intelligence.","2025","Circulation. Heart failure","include","0.95","AI-ECG;Structural-heart-disease;Reduced-EF;LVH-HCM;DTA-data","include","1","AI-ECG;Structural-heart-disease;Reduced-EF;LVH-HCM;DTA-data","agreement","none","include","no"
"reviewer_A_batch_01_rows_0001-0250.csv","18","rayyan-550686138","39445588","10.1097/HJH.0000000000003885","Revolutionizing LVH detection using artificial intelligence: the AI heartbeat project.","2025","Journal of hypertension","include","0.95","AI-ECG;Structural-heart-disease;LVH-HCM;DTA-data","include","1","AI-ECG;Structural-heart-disease;LVH-HCM;DTA-data","agreement","none","include","no"
"reviewer_A_batch_01_rows_0001-0250.csv","19","rayyan-550686139","40533163","10.1253/circj.CJ-25-0098","Deep Learning for Cardiac Overload Estimation　- Predicting B-Type Natriuretic Peptide (BNP) Levels From Heart Sounds and Electrocardiogram.","2025","Circulation journal : official journal of the Japanese Circulation Society","include","1","AI-ECG;Structural-heart-disease;Reduced-EF;DTA-data;External-validation","include","1","AI-ECG;Structural-heart-disease;Reduced-EF;DTA-data;External-validation","agreement","none","include","no"
"reviewer_A_batch_01_rows_0001-0250.csv","20","rayyan-550686140","34656479","10.1016/j.jcmg.2021.09.004","Pushing the Limits of the ECG: Can We Assess Biventricular Function Without Imaging?","2022","JACC. Cardiovascular imaging","include","0.95","AI-ECG;Structural-heart-disease;Reduced-EF;DTA-data","include","1","AI-ECG;Structural-heart-disease;Reduced-EF;DTA-data","agreement","none","include","no"
"reviewer_A_batch_01_rows_0001-0250.csv","21","rayyan-550686141","40139886","10.1016/j.jacc.2025.01.030","Ensemble Deep Learning Algorithm for Structural Heart Disease Screening Using Electrocardiographic Images: PRESENT SHD.","2025","Journal of the American College of Cardiology","include","1","AI-ECG;Structural-heart-disease;Reduced-EF;LVH-HCM;Valvular;DTA-data;External-validation","include","1","AI-ECG;Structural-heart-disease;Reduced-EF;LVH-HCM;Valvular;DTA-data","agreement","none","include","no"
"reviewer_A_batch_01_rows_0001-0250.csv","22","rayyan-550686142","31525078","10.1161/CIRCOUTCOMES.118.005289","Automated and Interpretable Patient ECG Profiles for Disease Detection, Tracking, and Discovery.","2019","Circulation. Cardiovascular quality and outcomes","include","0.95","AI-ECG;Structural-heart-disease;LVH-HCM;Valvular;DTA-data","include","1","AI-ECG;Structural-heart-disease;LVH-HCM;Valvular;DTA-data","agreement","none","include","no"
"reviewer_A_batch_01_rows_0001-0250.csv","23","rayyan-550686143","36781924","10.1038/s41598-023-28325-5","Left ventricular hypertrophy detection using electrocardiographic signal.","2023","Scientific reports","include","0.95","AI-ECG;Structural-heart-disease;LVH-HCM;DTA-data","include","1","AI-ECG;Structural-heart-disease;LVH-HCM;DTA-data","agreement","none","include","no"
"reviewer_A_batch_01_rows_0001-0250.csv","27","rayyan-550686147","39147002","10.1016/j.tcm.2024.08.002","Artificial intelligence-driven electrocardiography: Innovations in hypertrophic cardiomyopathy management.","2025","Trends in cardiovascular medicine","include","0.95","AI-ECG;Structural-heart-disease;Reduced-EF;LVH-HCM;DTA-data","include","1","AI-ECG;Structural-heart-disease;Reduced-EF;LVH-HCM;DTA-data","agreement","none","include","no"
"reviewer_A_batch_01_rows_0001-0250.csv","28","rayyan-550686148","40251349","10.1038/s41598-025-97113-0","AI analysis for ejection fraction estimation from 12-lead ECG.","2025","Scientific reports","include","0.95","AI-ECG;Structural-heart-disease;Reduced-EF;DTA-data","include","1","AI-ECG;Structural-heart-disease;Reduced-EF;DTA-data","agreement","none","include","no"
"reviewer_A_batch_01_rows_0001-0250.csv","29","rayyan-550686149","40100197","10.1016/j.jacep.2025.02.024","Real-World Artificial Intelligence-Based Electrocardiographic Analysis to Diagnose Hypertrophic Cardiomyopathy.","2025","JACC. Clinical electrophysiology","include","0.95","AI-ECG;Structural-heart-disease;LVH-HCM;DTA-data","include","1","AI-ECG;Structural-heart-disease;LVH-HCM;DTA-data","agreement","none","include","no"
"reviewer_A_batch_01_rows_0001-0250.csv","30","rayyan-550686150","37863197","10.1016/j.ajogmf.2023.101184","Electrocardiogram-based deep learning model to screen peripartum cardiomyopathy.","2023","American journal of obstetrics & gynecology MFM","include","0.95","AI-ECG;Structural-heart-disease;Reduced-EF;DTA-data","include","1","AI-ECG;Structural-heart-disease;Reduced-EF;DTA-data","agreement","none","include","no"
"reviewer_A_batch_01_rows_0001-0250.csv","32","rayyan-550686152","39221857","10.1161/CIRCOUTCOMES.124.011504","Artificial Intelligence-Enhanced Risk Stratification of Cancer Therapeutics-Related Cardiac Dysfunction Using Electrocardiographic Images.","2025","Circulation. Cardiovascular quality and outcomes","include","1","AI-ECG;Structural-heart-disease;Reduced-EF;DTA-data;External-validation","include","1","AI-ECG;Structural-heart-disease;Reduced-EF;DTA-data","agreement","none","include","no"
"reviewer_A_batch_01_rows_0001-0250.csv","33","rayyan-550686153","40300816","10.1370/afm.230627","Artificial Intelligence Tools for Preconception Cardiomyopathy Screening Among Women of Reproductive Age.","2025","Annals of family medicine","include","0.95","AI-ECG;Structural-heart-disease;Reduced-EF;DTA-data","include","1","AI-ECG;Structural-heart-disease;Reduced-EF;DTA-data","agreement","none","include","no"
"reviewer_A_batch_01_rows_0001-0250.csv","34","rayyan-550686154","40446954","10.1016/j.jtcvs.2025.05.015","Artificial intelligence-enhanced electrocardiogram diastolic function grade predicts post-septal myectomy mortality in hypertrophic cardiomyopathy.","2025","The Journal of thoracic and cardiovascular surgery","include","1","AI-ECG;Structural-heart-disease;Reduced-EF;LVH-HCM;Valvular;DTA-data;External-validation","include","1","AI-ECG;Structural-heart-disease;Reduced-EF;LVH-HCM;Valvular;DTA-data","agreement","none","include","no"
"reviewer_A_batch_01_rows_0001-0250.csv","35","rayyan-550686155","36706977","10.1016/j.cardfail.2022.12.016","Electrocardiogram Detection of Pulmonary Hypertension Using Deep Learning.","2023","Journal of cardiac failure","include","0.95","AI-ECG;Structural-heart-disease;Reduced-EF;DTA-data","include","1","AI-ECG;Structural-heart-disease;Reduced-EF;DTA-data","agreement","none","include","no"
"reviewer_A_batch_01_rows_0001-0250.csv","37","rayyan-550686157","39438148","10.3121/cmr.2024.1934","Diagnostic Accuracy of AI Algorithms in Aortic Stenosis Screening: A Systematic Review and Meta-Analysis.","2024","Clinical medicine & research","include","0.95","AI-ECG;Structural-heart-disease;Valvular;DTA-data","include","1","AI-ECG;Structural-heart-disease;Valvular;DTA-data","agreement","none","include","no"
"reviewer_A_batch_01_rows_0001-0250.csv","38","rayyan-550686158","41336555","10.1109/EMBC58623.2025.11253377","AI-Enhanced Pulmonary Auscultation for Heart Failure Detection.","2025","Annual International Conference of the IEEE Engineering in Medicine and Biology           Society. IEEE Engineering in Medicine and Biology Society. Annual International            Conference","include","0.95","AI-ECG;Structural-heart-disease;Reduced-EF;DTA-data","include","1","AI-ECG;Structural-heart-disease;Reduced-EF;DTA-data","agreement","none","include","no"
"reviewer_A_batch_01_rows_0001-0250.csv","39","rayyan-550686159","33507615","10.1111/jch.14200","Detection of abnormal left ventricular geometry in patients without cardiovascular disease through machine learning: An ECG-based approach.","2021","Journal of clinical hypertension (Greenwich, Conn.)","include","0.95","AI-ECG;Structural-heart-disease;LVH-HCM;DTA-data","include","1","AI-ECG;Structural-heart-disease;LVH-HCM;DTA-data","agreement","none","include","no"
"reviewer_A_batch_01_rows_0001-0250.csv","40","rayyan-550686160","40407114","10.1097/HJH.0000000000004034","Diagnostic and prognostic value of ECG-predicted hypertension-mediated left ventricular hypertrophy using machine learning.","2025","Journal of hypertension","include","1","AI-ECG;Structural-heart-disease;Reduced-EF;LVH-HCM;DTA-data;External-validation","include","1","AI-ECG;Structural-heart-disease;Reduced-EF;LVH-HCM;DTA-data;External-validation","agreement","none","include","no"
"reviewer_A_batch_01_rows_0001-0250.csv","45","rayyan-550686165","40527225","10.1016/j.jelectrocard.2025.154048","Left ventricular systolic dysfunction screening in muscular dystrophies using deep learning-based electrocardiogram interpretation.","2025","Journal of electrocardiology","include","1","AI-ECG;Structural-heart-disease;Reduced-EF;DTA-data;External-validation","include","1","AI-ECG;Structural-heart-disease;Reduced-EF;DTA-data;External-validation","agreement","none","include","no"
"reviewer_A_batch_01_rows_0001-0250.csv","47","rayyan-550686167","39387652","10.1093/eurheartj/ehae651","Electrocardiogram-based deep learning to predict mortality in paediatric and adult congenital heart disease.","2025","European heart journal","include","1","AI-ECG;Structural-heart-disease;Reduced-EF;DTA-data;External-validation","include","1","AI-ECG;Structural-heart-disease;Reduced-EF;DTA-data","agreement","none","include","no"
"reviewer_A_batch_01_rows_0001-0250.csv","48","rayyan-550686168","38225576","10.1186/s12911-024-02415-4","Heart failure classification using deep learning to extract spatiotemporal features from ECG.","2024","BMC medical informatics and decision making","include","0.95","AI-ECG;Structural-heart-disease;Reduced-EF;DTA-data","include","1","AI-ECG;Structural-heart-disease;Reduced-EF;DTA-data","agreement","none","include","no"
"reviewer_A_batch_01_rows_0001-0250.csv","49","rayyan-550686169","39540287","10.1161/CIRCOUTCOMES.123.010602","Prognostic Significance and Associations of Neural Network-Derived Electrocardiographic Features.","2024","Circulation. Cardiovascular quality and outcomes","include","1","AI-ECG;Structural-heart-disease;DTA-data;External-validation","include","1","AI-ECG;Structural-heart-disease;DTA-data","agreement","none","include","no"
"reviewer_A_batch_01_rows_0001-0250.csv","53","rayyan-550686173","36641988","10.1016/j.jelectrocard.2022.12.001","Machine learning models of 6-lead ECGs for the interpretation of left ventricular hypertrophy (LVH).","2023","Journal of electrocardiology","include","0.95","AI-ECG;Structural-heart-disease;LVH-HCM;DTA-data","include","1","AI-ECG;Structural-heart-disease;LVH-HCM;DTA-data","agreement","none","include","no"
"reviewer_A_batch_01_rows_0001-0250.csv","55","rayyan-550686175","32146201","10.1016/j.jelectrocard.2020.02.008","Artificial intelligence for detecting mitral regurgitation using electrocardiography.","2020","Journal of electrocardiology","include","1","AI-ECG;Structural-heart-disease;Valvular;DTA-data;External-validation","include","1","AI-ECG;Structural-heart-disease;Valvular;DTA-data;External-validation","agreement","none","include","no"
"reviewer_A_batch_01_rows_0001-0250.csv","59","rayyan-550686179","38314583","10.1161/CIRCULATIONAHA.123.067750","Pediatric ECG-Based Deep Learning to Predict Left Ventricular Dysfunction and Remodeling.","2024","Circulation","include","1","AI-ECG;Structural-heart-disease;Reduced-EF;DTA-data;External-validation","include","1","AI-ECG;Structural-heart-disease;Reduced-EF;DTA-data;External-validation","agreement","none","include","no"
"reviewer_A_batch_01_rows_0001-0250.csv","61","rayyan-550686181","40815543","10.1002/ejhf.3780","Clustering in dilated cardiomyopathy at initial evaluation: An effective tool for clinical stratification.","2025","European journal of heart failure","include","1","AI-ECG;Structural-heart-disease;Reduced-EF;DTA-data;External-validation","include","1","AI-ECG;Structural-heart-disease;Reduced-EF;DTA-data","agreement","none","include","no"
"reviewer_A_batch_01_rows_0001-0250.csv","63","rayyan-550686183","36471089","10.1038/s41598-022-25284-1","A fully-automated paper ECG digitisation algorithm using deep learning.","2022","Scientific reports","include","1","AI-ECG;Structural-heart-disease;Reduced-EF;DTA-data;External-validation","include","1","AI-ECG;Structural-heart-disease;Reduced-EF;DTA-data","agreement","none","include","no"
"reviewer_A_batch_01_rows_0001-0250.csv","67","rayyan-550686187","41025252","10.1161/CIRCEP.125.013734","Prediction of Atrial Fibrillation From the ECG in the Community Using Deep Learning: A Multinational Study.","2025","Circulation. Arrhythmia and electrophysiology","include","0.95","AI-ECG;Structural-heart-disease;Reduced-EF;DTA-data","include","1","AI-ECG;Structural-heart-disease;Reduced-EF;DTA-data","agreement","none","include","no"
"reviewer_A_batch_01_rows_0001-0250.csv","68","rayyan-550686188","35122911","10.1016/j.ijcard.2022.01.064","An artificial intelligence electrocardiogram analysis for detecting cardiomyopathy in the peripartum period.","2022","International journal of cardiology","include","1","AI-ECG;Structural-heart-disease;Reduced-EF;DTA-data;External-validation","include","1","AI-ECG;Structural-heart-disease;Reduced-EF;DTA-data;External-validation","agreement","none","include","no"
"reviewer_A_batch_01_rows_0001-0250.csv","69","rayyan-550686189","40259136","10.1007/s10916-025-02177-0","Development of an Artificial Intelligence-Enabled Electrocardiography to Detect 23 Cardiac Arrhythmias and Predict Cardiovascular Outcomes.","2025","Journal of medical systems","include","1","AI-ECG;Structural-heart-disease;Reduced-EF;DTA-data;External-validation","include","1","AI-ECG;Structural-heart-disease;Reduced-EF;DTA-data;External-validation","agreement","none","include","no"
"reviewer_A_batch_01_rows_0001-0250.csv","70","rayyan-550686190","38390798","10.1161/JAHA.123.031859","Predictive Value of Artificial Intelligence-Enabled Electrocardiography in Patients With Takotsubo Cardiomyopathy.","2024","Journal of the American Heart Association","include","1","AI-ECG;Structural-heart-disease;Reduced-EF;DTA-data;External-validation","include","1","AI-ECG;Structural-heart-disease;Reduced-EF;DTA-data","agreement","none","include","no"
"reviewer_A_batch_01_rows_0001-0250.csv","72","rayyan-550686192","37399207","10.1371/journal.pntd.0011118","Screening for Chagas disease from the electrocardiogram using a deep neural network.","2023","PLoS neglected tropical diseases","include","1","AI-ECG;Structural-heart-disease;DTA-data;External-validation","include","1","AI-ECG;Structural-heart-disease;DTA-data;External-validation","agreement","none","include","no"
"reviewer_A_batch_01_rows_0001-0250.csv","73","rayyan-550686193","33748852","10.1093/eurheartj/ehab153","Electrocardiogram screening for aortic valve stenosis using artificial intelligence.","2021","European heart journal","include","0.95","AI-ECG;Structural-heart-disease;Valvular;DTA-data","include","1","AI-ECG;Structural-heart-disease;Valvular;DTA-data","agreement","none","include","no"
"reviewer_A_batch_01_rows_0001-0250.csv","79","rayyan-550686199","37022601","10.1007/s10620-023-07928-y","Utility of an Artificial Intelligence Enabled Electrocardiogram for Risk Assessment in Liver Transplant Candidates.","2023","Digestive diseases and sciences","include","0.95","AI-ECG;Structural-heart-disease;Reduced-EF;DTA-data","include","1","AI-ECG;Structural-heart-disease;Reduced-EF;DTA-data","agreement","none","include","no"
"reviewer_A_batch_01_rows_0001-0250.csv","84","rayyan-550686204","37467172","10.1080/07853890.2023.2235564","Deep learning-derived 12-lead electrocardiogram-based genotype prediction for hypertrophic cardiomyopathy: a pilot study.","2023","Annals of medicine","include","0.95","AI-ECG;Structural-heart-disease;LVH-HCM;DTA-data","include","1","AI-ECG;Structural-heart-disease;LVH-HCM;DTA-data","agreement","none","include","no"
"reviewer_A_batch_01_rows_0001-0250.csv","85","rayyan-550686205","38553520","10.1007/s00380-024-02367-9","Evaluating convolutional neural network-enhanced electrocardiography for hypertrophic cardiomyopathy detection in a specialized cardiovascular setting.","2024","Heart and vessels","include","0.95","AI-ECG;Structural-heart-disease;LVH-HCM;DTA-data","include","1","AI-ECG;Structural-heart-disease;LVH-HCM;DTA-data","agreement","none","include","no"
"reviewer_A_batch_01_rows_0001-0250.csv","86","rayyan-550686206","37285819","10.1088/2057-1976/acdc2a","Classification of electrocardiogram signals using deep learning based on genetic algorithm feature extraction.","2023","Biomedical physics & engineering express","include","0.95","AI-ECG;Structural-heart-disease;Reduced-EF;DTA-data","include","1","AI-ECG;Structural-heart-disease;Reduced-EF;DTA-data","agreement","none","include","no"
"reviewer_A_batch_01_rows_0001-0250.csv","87","rayyan-550686207","32200712","10.1161/JAHA.119.014717","Deep Learning-Based Algorithm for Detecting Aortic Stenosis Using Electrocardiography.","2020","Journal of the American Heart Association","include","1","AI-ECG;Structural-heart-disease;Valvular;DTA-data;External-validation","include","1","AI-ECG;Structural-heart-disease;Valvular;DTA-data;External-validation","agreement","none","include","no"
"reviewer_A_batch_01_rows_0001-0250.csv","88","rayyan-550686208","37851434","10.1001/jamacardio.2023.3701","Deep Learning of Electrocardiograms in Sinus Rhythm From US Veterans to Predict Atrial Fibrillation.","2023","JAMA cardiology","include","0.95","AI-ECG;Structural-heart-disease;Reduced-EF;DTA-data","include","1","AI-ECG;Structural-heart-disease;Reduced-EF;DTA-data","agreement","none","include","no"
"reviewer_A_batch_01_rows_0001-0250.csv","92","rayyan-550686212","35926935","10.1016/j.jacc.2022.05.029","Deep Learning Electrocardiographic Analysis for Detection of Left-Sided Valvular Heart Disease.","2022","Journal of the American College of Cardiology","include","1","AI-ECG;Structural-heart-disease;Valvular;DTA-data;External-validation","include","1","AI-ECG;Structural-heart-disease;Valvular;DTA-data;External-validation","agreement","none","include","no"
"reviewer_A_batch_01_rows_0001-0250.csv","94","rayyan-550686214","40579382","10.1111/anec.70097","Predictive Modeling of Heart Failure Outcomes Using ECG Monitoring Indicators and Machine Learning.","2025","Annals of noninvasive electrocardiology : the official journal of the           International Society for Holter and Noninvasive Electrocardiology, Inc","include","0.95","AI-ECG;Structural-heart-disease;Reduced-EF;DTA-data","include","1","AI-ECG;Structural-heart-disease;Reduced-EF;DTA-data","agreement","none","include","no"
"reviewer_A_batch_01_rows_0001-0250.csv","95","rayyan-550686215","33907875","10.1007/s00246-021-02622-0","Diagnosing Atrial Septal Defect from Electrocardiogram with Deep Learning.","2021","Pediatric cardiology","include","0.95","AI-ECG;Structural-heart-disease;DTA-data","include","1","AI-ECG;Structural-heart-disease;DTA-data","agreement","none","include","no"
"reviewer_A_batch_01_rows_0001-0250.csv","97","rayyan-550686217","30060039","10.1093/eurheartj/ehy404","Clinical applications of machine learning in cardiovascular disease and its relevance to cardiac imaging.","2019","European heart journal","include","0.95","AI-ECG;Structural-heart-disease;Reduced-EF;DTA-data","include","1","AI-ECG;Structural-heart-disease;Reduced-EF;DTA-data","agreement","none","include","no"
"reviewer_A_batch_01_rows_0001-0250.csv","100","rayyan-550686220","37289800","10.1371/journal.pone.0286916","CoAt-Mixer: Self-attention deep learning framework for left ventricular hypertrophy using electrocardiography.","2023","PloS one","include","0.95","AI-ECG;Structural-heart-disease;LVH-HCM;DTA-data","include","1","AI-ECG;Structural-heart-disease;LVH-HCM;DTA-data","agreement","none","include","no"
"reviewer_A_batch_01_rows_0001-0250.csv","103","rayyan-550686223","39266002","10.17849/insm-51-2-64-76.1","Unlocking Hidden Risks: Harnessing Artificial Intelligence (AI) to Detect Subclinical Conditions from an Electrocardiogram (ECG).","2024","Journal of insurance medicine (New York, N.Y.)","include","0.95","AI-ECG;Structural-heart-disease;Reduced-EF;LVH-HCM;Valvular;DTA-data","include","1","AI-ECG;Structural-heart-disease;Reduced-EF;LVH-HCM;Valvular;DTA-data","agreement","none","include","no"
"reviewer_A_batch_01_rows_0001-0250.csv","105","rayyan-550686225","40164487","10.1136/openhrt-2025-003185","Integrating deep learning with ECG, heart rate variability and demographic data for improved detection of atrial fibrillation.","2025","Open heart","include","1","AI-ECG;Structural-heart-disease;Reduced-EF;DTA-data;External-validation","include","1","AI-ECG;Structural-heart-disease;Reduced-EF;DTA-data","agreement","none","include","no"
"reviewer_A_batch_01_rows_0001-0250.csv","106","rayyan-550686226","40216258","10.1016/j.slast.2025.100286","AI driven cardiovascular risk prediction using NLP and Large Language Models for personalized medicine in athletes.","2025","SLAS technology","include","0.95","AI-ECG;Structural-heart-disease;LVH-HCM;DTA-data","include","1","AI-ECG;Structural-heart-disease;LVH-HCM;DTA-data","agreement","none","include","no"
"reviewer_A_batch_01_rows_0001-0250.csv","107","rayyan-550686227","35371280","10.1155/2022/6491084","Deep Learning-Based Electrocardiograph in Evaluating Radiofrequency Ablation for Rapid Arrhythmia.","2022","Computational and mathematical methods in medicine","include","0.95","AI-ECG;Structural-heart-disease;Reduced-EF;DTA-data","include","1","AI-ECG;Structural-heart-disease;Reduced-EF;DTA-data","agreement","none","include","no"
"reviewer_A_batch_01_rows_0001-0250.csv","110","rayyan-550686230","39168568","10.1016/j.jacc.2024.05.062","Deep Learning-Based Electrocardiogram Analysis Predicts Biventricular Dysfunction and Dilation in Congenital Heart Disease.","2024","Journal of the American College of Cardiology","include","1","AI-ECG;Structural-heart-disease;Reduced-EF;DTA-data;External-validation","include","1","AI-ECG;Structural-heart-disease;Reduced-EF;DTA-data;External-validation","agreement","none","include","no"
"reviewer_A_batch_01_rows_0001-0250.csv","112","rayyan-550686232","41028011","10.1038/s41598-025-09282-7","Explainable artificial intelligence identifies and localizes left ventricular scar in hypertrophic cardiomyopathy using 12-Lead electrocardiogram.","2025","Scientific reports","include","1","AI-ECG;Structural-heart-disease;Reduced-EF;LVH-HCM;DTA-data;External-validation","include","1","AI-ECG;Structural-heart-disease;Reduced-EF;LVH-HCM;DTA-data","agreement","none","include","no"
"reviewer_A_batch_01_rows_0001-0250.csv","113","rayyan-550686233","37858107","10.1186/s12911-023-02326-w","Cardiac arrhythmia detection using deep learning approach and time frequency representation of ECG signals.","2023","BMC medical informatics and decision making","include","0.95","AI-ECG;Structural-heart-disease;Reduced-EF;DTA-data","include","1","AI-ECG;Structural-heart-disease;Reduced-EF;DTA-data","agreement","none","include","no"
"reviewer_A_batch_01_rows_0001-0250.csv","114","rayyan-550686234","39847993","10.1016/j.cmpb.2025.108606","Multiscale feature enhanced gating network for atrial fibrillation detection.","2025","Computer methods and programs in biomedicine","include","1","AI-ECG;Structural-heart-disease;Reduced-EF;DTA-data;External-validation","include","1","AI-ECG;Structural-heart-disease;Reduced-EF;DTA-data","agreement","none","include","no"
"reviewer_A_batch_01_rows_0001-0250.csv","115","rayyan-550686235","37982681","10.1515/cclm-2023-0743","Deep learning-based NT-proBNP prediction from the ECG for risk assessment in the community.","2024","Clinical chemistry and laboratory medicine","include","1","AI-ECG;Structural-heart-disease;Reduced-EF;DTA-data;External-validation","include","1","AI-ECG;Structural-heart-disease;Reduced-EF;DTA-data;External-validation","agreement","none","include","no"
"reviewer_A_batch_01_rows_0001-0250.csv","116","rayyan-550686236","34521892","10.1038/s41598-021-97308-1","ECG data dependency for atrial fibrillation detection based on residual networks.","2021","Scientific reports","include","0.95","AI-ECG;Structural-heart-disease;Reduced-EF;DTA-data","include","1","AI-ECG;Structural-heart-disease;Reduced-EF;DTA-data","agreement","none","include","no"
"reviewer_A_batch_01_rows_0001-0250.csv","117","rayyan-550686237","32819467","10.1016/j.jacc.2020.06.061","Machine Learning Assessment of Left Ventricular Diastolic Function Based on Electrocardiographic Features.","2020","Journal of the American College of Cardiology","include","0.95","AI-ECG;Structural-heart-disease;Reduced-EF;DTA-data","include","1","AI-ECG;Structural-heart-disease;Reduced-EF;DTA-data","agreement","none","include","no"
"reviewer_A_batch_01_rows_0001-0250.csv","118","rayyan-550686238","38987652","10.1038/s41598-024-66247-y","Diagnostic accuracy of artificial intelligence in detecting left ventricular hypertrophy by electrocardiograph: a systematic review and meta-analysis.","2024","Scientific reports","include","0.95","AI-ECG;Structural-heart-disease;LVH-HCM;DTA-data","include","1","AI-ECG;Structural-heart-disease;LVH-HCM;DTA-data","agreement","none","include","no"
"reviewer_A_batch_01_rows_0001-0250.csv","119","rayyan-550686239","35995814","10.1038/s41598-022-18293-7","A lightweight hybrid deep learning system for cardiac valvular disease classification.","2022","Scientific reports","include","0.95","AI-ECG;Structural-heart-disease;Valvular;DTA-data","include","1","AI-ECG;Structural-heart-disease;Valvular;DTA-data","agreement","none","include","no"
"reviewer_A_batch_01_rows_0001-0250.csv","121","rayyan-550686241","38447673","10.1016/j.ajogmf.2024.101337","Development and validation of an electrocardiographic artificial intelligence model for detection of peripartum cardiomyopathy.","2024","American journal of obstetrics & gynecology MFM","include","1","AI-ECG;Structural-heart-disease;Reduced-EF;DTA-data;External-validation","include","1","AI-ECG;Structural-heart-disease;Reduced-EF;DTA-data;External-validation","agreement","none","include","no"
"reviewer_A_batch_01_rows_0001-0250.csv","122","rayyan-550686242","32081280","10.1016/j.jacc.2019.12.030","Detection of Hypertrophic Cardiomyopathy Using a Convolutional Neural Network-Enabled Electrocardiogram.","2020","Journal of the American College of Cardiology","include","1","AI-ECG;Structural-heart-disease;LVH-HCM;DTA-data;External-validation","include","1","AI-ECG;Structural-heart-disease;LVH-HCM;DTA-data;External-validation","agreement","none","include","no"
"reviewer_A_batch_01_rows_0001-0250.csv","124","rayyan-550686244","32781943","10.1161/STROKEAHA.120.029305","Machine Learning Prediction of Stroke Mechanism in Embolic Strokes of Undetermined Source.","2020","Stroke","include","0.95","AI-ECG;Structural-heart-disease;Reduced-EF;DTA-data","include","1","AI-ECG;Structural-heart-disease;Reduced-EF;DTA-data","agreement","none","include","no"
"reviewer_A_batch_01_rows_0001-0250.csv","125","rayyan-550686245","39488646","10.1038/s41598-024-78268-8","AI derived ECG global longitudinal strain compared to echocardiographic measurements.","2024","Scientific reports","include","0.95","AI-ECG;Structural-heart-disease;Reduced-EF;DTA-data","include","1","AI-ECG;Structural-heart-disease;Reduced-EF;DTA-data","agreement","none","include","no"
"reviewer_A_batch_01_rows_0001-0250.csv","129","rayyan-550686249","39986199","10.1016/j.compbiomed.2025.109871","Utilizing 12-lead electrocardiogram and machine learning to retrospectively estimate and prospectively predict atrial fibrillation and stroke risk.","2025","Computers in biology and medicine","include","0.95","AI-ECG;Structural-heart-disease;Reduced-EF;DTA-data","include","1","AI-ECG;Structural-heart-disease;Reduced-EF;DTA-data","agreement","none","include","no"
"reviewer_A_batch_01_rows_0001-0250.csv","135","rayyan-550686255","37480862","10.1016/j.jacep.2023.05.025","A Novel ECG-Based Deep Learning Algorithm to Predict Cardiomyopathy in Patients With Premature Ventricular Complexes.","2023","JACC. Clinical electrophysiology","include","1","AI-ECG;Structural-heart-disease;Reduced-EF;DTA-data;External-validation","include","1","AI-ECG;Structural-heart-disease;Reduced-EF;DTA-data;External-validation","agreement","none","include","no"
"reviewer_A_batch_01_rows_0001-0250.csv","140","rayyan-550686260","25915962","10.1109/TNB.2015.2426213","Utilizing ECG-Based Heartbeat Classification for Hypertrophic Cardiomyopathy Identification.","2015","IEEE transactions on nanobioscience","include","0.95","AI-ECG;Structural-heart-disease;LVH-HCM;DTA-data","include","1","AI-ECG;Structural-heart-disease;LVH-HCM;DTA-data","agreement","none","include","no"
"reviewer_A_batch_01_rows_0001-0250.csv","141","rayyan-550686261","40148010","10.1016/j.landig.2025.01.001","Electrocardiogram-based deep learning to predict left ventricular systolic dysfunction in paediatric and adult congenital heart disease in the USA: a multicentre modelling study.","2025","The Lancet. Digital health","include","1","AI-ECG;Structural-heart-disease;Reduced-EF;DTA-data;External-validation","include","1","AI-ECG;Structural-heart-disease;Reduced-EF;DTA-data;External-validation","agreement","none","include","no"
"reviewer_A_batch_01_rows_0001-0250.csv","142","rayyan-550686262","39136826","10.1007/s10278-024-01225-4","A Deep-Learning-Enabled Electrocardiogram and Chest X-Ray for Detecting Pulmonary Arterial Hypertension.","2025","Journal of imaging informatics in medicine","include","1","AI-ECG;Structural-heart-disease;Reduced-EF;DTA-data;External-validation","include","1","AI-ECG;Structural-heart-disease;Reduced-EF;DTA-data;External-validation","agreement","none","include","no"
"reviewer_A_batch_01_rows_0001-0250.csv","147","rayyan-550686267","32143796","10.1016/j.artmed.2019.101789","Comprehensive electrocardiographic diagnosis based on deep learning.","2020","Artificial intelligence in medicine","include","1","AI-ECG;Structural-heart-disease;Reduced-EF;DTA-data;External-validation","include","1","AI-ECG;Structural-heart-disease;Reduced-EF;DTA-data","agreement","none","include","no"
"reviewer_A_batch_01_rows_0001-0250.csv","148","rayyan-550686268","39987899","10.3904/kjim.2024.130","Explainable paroxysmal atrial fibrillation diagnosis using an artificial intelligence-enabled electrocardiogram.","2025","The Korean journal of internal medicine","include","0.95","AI-ECG;Structural-heart-disease;DTA-data","include","1","AI-ECG;Structural-heart-disease;DTA-data","agreement","none","include","no"
"reviewer_A_batch_01_rows_0001-0250.csv","149","rayyan-550686269","37599145","10.1016/j.jelectrocard.2023.07.002","Saliency maps provide insights into artificial intelligence-based electrocardiography models for detecting hypertrophic cardiomyopathy.","2023","Journal of electrocardiology","include","1","AI-ECG;Structural-heart-disease;LVH-HCM;DTA-data;External-validation","include","1","AI-ECG;Structural-heart-disease;LVH-HCM;DTA-data;External-validation","agreement","none","include","no"
"reviewer_A_batch_01_rows_0001-0250.csv","151","rayyan-550686271","30827132","10.1161/JAHA.118.009959","Detection of Left Ventricular Hypertrophy Using Bayesian Additive Regression Trees: The MESA.","2019","Journal of the American Heart Association","include","0.95","AI-ECG;Structural-heart-disease;LVH-HCM;DTA-data","include","1","AI-ECG;Structural-heart-disease;LVH-HCM;DTA-data","agreement","none","include","no"
"reviewer_A_batch_01_rows_0001-0250.csv","152","rayyan-550686272","33563631","10.1136/heartjnl-2020-318271","Standard ECG for differential diagnosis between Anderson-Fabry disease and hypertrophic cardiomyopathy.","2022","Heart (British Cardiac Society)","include","1","AI-ECG;Structural-heart-disease;LVH-HCM;DTA-data;External-validation","include","1","AI-ECG;Structural-heart-disease;LVH-HCM;DTA-data","agreement","none","include","no"
"reviewer_A_batch_01_rows_0001-0250.csv","153","rayyan-550686273","33400971","10.1016/j.ijcard.2020.12.065","External validation of a deep learning electrocardiogram algorithm to detect ventricular dysfunction.","2021","International journal of cardiology","include","1","AI-ECG;Structural-heart-disease;Reduced-EF;DTA-data;External-validation","include","1","AI-ECG;Structural-heart-disease;Reduced-EF;DTA-data;External-validation","agreement","none","include","no"
"reviewer_A_batch_01_rows_0001-0250.csv","154","rayyan-550686274","38280624","10.1016/j.hrthm.2024.01.031","Identification of high-risk imaging features in hypertrophic cardiomyopathy using electrocardiography: A deep-learning approach.","2024","Heart rhythm","include","1","AI-ECG;Structural-heart-disease;LVH-HCM;DTA-data;External-validation","include","1","AI-ECG;Structural-heart-disease;LVH-HCM;DTA-data;External-validation","agreement","none","include","no"
"reviewer_A_batch_01_rows_0001-0250.csv","156","rayyan-550686276","31450977","10.1161/CIRCEP.119.007284","Age and Sex Estimation Using Artificial Intelligence From Standard 12-Lead ECGs.","2019","Circulation. Arrhythmia and electrophysiology","include","0.95","AI-ECG;Structural-heart-disease;Reduced-EF;DTA-data","include","1","AI-ECG;Structural-heart-disease;Reduced-EF;DTA-data","agreement","none","include","no"
"reviewer_A_batch_01_rows_0001-0250.csv","157","rayyan-550686277","40207501","10.1161/JAHA.124.036533","Value of Artificial Intelligence for Enhancing Suspicion of Cardiac Amyloidosis Using Electrocardiography and Echocardiography: A Narrative Review.","2025","Journal of the American Heart Association","include","1","AI-ECG;Structural-heart-disease;DTA-data;External-validation","include","1","AI-ECG;Structural-heart-disease;DTA-data;External-validation","agreement","none","include","no"
"reviewer_A_batch_01_rows_0001-0250.csv","159","rayyan-550686279","38761181","10.18632/aging.205835","Comprehensive clinical application analysis of artificial intelligence-enabled electrocardiograms for screening multiple valvular heart diseases.","2024","Aging","include","1","AI-ECG;Structural-heart-disease;Valvular;DTA-data;External-validation","include","1","AI-ECG;Structural-heart-disease;Valvular;DTA-data;External-validation","agreement","none","include","no"
"reviewer_A_batch_01_rows_0001-0250.csv","160","rayyan-550686280","35552487","10.1007/s00399-022-00855-x","[Artificial intelligence-based ECG analysis: current status and future perspectives-Part 2 : Recent studies and future].","2022","Herzschrittmachertherapie & Elektrophysiologie","include","0.95","AI-ECG;Structural-heart-disease;Reduced-EF;DTA-data","include","1","AI-ECG;Structural-heart-disease;Reduced-EF;DTA-data","agreement","none","include","no"
"reviewer_A_batch_01_rows_0001-0250.csv","161","rayyan-550686281","39494568","10.1161/JAHA.124.035201","Detection of Right and Left Ventricular Dysfunction in Pediatric Patients Using Artificial Intelligence-Enabled ECGs.","2024","Journal of the American Heart Association","include","1","AI-ECG;Structural-heart-disease;Reduced-EF;DTA-data;External-validation","include","1","AI-ECG;Structural-heart-disease;Reduced-EF;DTA-data","agreement","none","include","no"
"reviewer_A_batch_01_rows_0001-0250.csv","163","rayyan-550686283","36104234","10.1536/ihj.22-132","Automatic Detection of Left Ventricular Dilatation and Hypertrophy from Electrocardiograms Using Deep Learning.","2022","International heart journal","include","0.95","AI-ECG;Structural-heart-disease;Reduced-EF;LVH-HCM;DTA-data","include","1","AI-ECG;Structural-heart-disease;Reduced-EF;LVH-HCM;DTA-data","agreement","none","include","no"
"reviewer_A_batch_01_rows_0001-0250.csv","168","rayyan-550686288","40512642","10.1109/JBHI.2025.3579621","Towards Artificial Intelligence-Based Decision Support for Large-Scale Screening for Atrial Fibrillation.","2025","IEEE journal of biomedical and health informatics","include","1","AI-ECG;Structural-heart-disease;Reduced-EF;DTA-data;External-validation","include","1","AI-ECG;Structural-heart-disease;Reduced-EF;DTA-data","agreement","none","include","no"
"reviewer_A_batch_01_rows_0001-0250.csv","171","rayyan-550686291","40410762","10.1186/s12887-025-05753-y","Using machine learning models based on cardiac magnetic resonance parameters to predict the prognostic in children with myocarditis.","2025","BMC pediatrics","include","0.95","AI-ECG;Structural-heart-disease;Reduced-EF;DTA-data","include","1","AI-ECG;Structural-heart-disease;Reduced-EF;DTA-data","agreement","none","include","no"
"reviewer_A_batch_01_rows_0001-0250.csv","173","rayyan-550686293","39343388","10.1016/j.cjca.2024.09.018","Deep Learning-based 12-Lead Electrocardiogram for Low Left Ventricular Ejection Fraction Detection in Patients.","2025","The Canadian journal of cardiology","include","1","AI-ECG;Structural-heart-disease;Reduced-EF;DTA-data;External-validation","include","1","AI-ECG;Structural-heart-disease;Reduced-EF;DTA-data;External-validation","agreement","none","include","no"
"reviewer_A_batch_01_rows_0001-0250.csv","182","rayyan-550686302","40158621","10.1016/j.ihj.2025.03.009","Leveraging ECG images for predicting ejection fraction using machine learning algorithms.","2025","Indian heart journal","include","1","AI-ECG;Structural-heart-disease;Reduced-EF;DTA-data;External-validation","include","1","AI-ECG;Structural-heart-disease;Reduced-EF;DTA-data;External-validation","agreement","none","include","no"
"reviewer_A_batch_01_rows_0001-0250.csv","183","rayyan-550686303","34863396","10.1016/j.mayocp.2021.06.024","Electrocardiography-Based Artificial Intelligence Algorithm Aids in Prediction of Long-term Mortality After Cardiac Surgery.","2021","Mayo Clinic proceedings","include","0.95","AI-ECG;Structural-heart-disease;Reduced-EF;DTA-data","include","1","AI-ECG;Structural-heart-disease;Reduced-EF;DTA-data","agreement","none","include","no"
"reviewer_A_batch_01_rows_0001-0250.csv","186","rayyan-550686306","38553581","10.1038/s41598-024-58131-6","Myocardial scar and left ventricular ejection fraction classification for electrocardiography image using multi-task deep learning.","2024","Scientific reports","include","0.95","AI-ECG;Structural-heart-disease;Reduced-EF;DTA-data","include","1","AI-ECG;Structural-heart-disease;Reduced-EF;DTA-data","agreement","none","include","no"
"reviewer_A_batch_01_rows_0001-0250.csv","189","rayyan-550686309","41773691","10.2196/76637","Machine Learning in Left Ventricular Hypertrophy Detection: Systematic Review and Meta-Analysis.","2026","Journal of medical Internet research","include","0.95","AI-ECG;Structural-heart-disease;LVH-HCM;DTA-data","include","1","AI-ECG;Structural-heart-disease;LVH-HCM;DTA-data","agreement","none","include","no"
"reviewer_A_batch_01_rows_0001-0250.csv","190","rayyan-550686310","39266001","10.17849/insm-51-2-59-63.1","Through the Looking Glass Darkly: How May AI Models Influence Future Underwriting?","2024","Journal of insurance medicine (New York, N.Y.)","include","0.95","AI-ECG;Structural-heart-disease;Reduced-EF;Valvular;DTA-data","include","1","AI-ECG;Structural-heart-disease;Reduced-EF;Valvular;DTA-data","agreement","none","include","no"
"reviewer_A_batch_01_rows_0001-0250.csv","192","rayyan-550686312","38937555","10.1038/s41598-024-65357-x","Multimodal explainable artificial intelligence identifies patients with non-ischaemic cardiomyopathy at risk of lethal ventricular arrhythmias.","2024","Scientific reports","include","0.95","AI-ECG;Structural-heart-disease;Reduced-EF;DTA-data","include","1","AI-ECG;Structural-heart-disease;Reduced-EF;DTA-data","agreement","none","include","no"
"reviewer_A_batch_01_rows_0001-0250.csv","198","rayyan-550686318","40372496","10.1007/s00380-025-02546-2","Utility of convolutional neural network-enhanced electrocardiogram to diagnose and predict mitral regurgitation in patients with chronic atrial fibrillation.","2025","Heart and vessels","include","0.95","AI-ECG;Structural-heart-disease;Valvular;DTA-data","include","1","AI-ECG;Structural-heart-disease;Valvular;DTA-data","agreement","none","include","no"
"reviewer_A_batch_01_rows_0001-0250.csv","201","rayyan-550686321","33152415","10.1016/j.ijcard.2020.10.074","Left ventricular systolic dysfunction identification using artificial intelligence-augmented electrocardiogram in cardiac intensive care unit patients.","2021","International journal of cardiology","include","0.95","AI-ECG;Structural-heart-disease;Reduced-EF;DTA-data","include","1","AI-ECG;Structural-heart-disease;Reduced-EF;DTA-data","agreement","none","include","no"
"reviewer_A_batch_01_rows_0001-0250.csv","202","rayyan-550686322","39033295","10.1186/s12875-024-02407-3","Detection of atrial fibrillation using a nonlinear Lorenz Scattergram and deep learning in primary care.","2024","BMC primary care","include","1","AI-ECG;Structural-heart-disease;Reduced-EF;DTA-data;External-validation","include","1","AI-ECG;Structural-heart-disease;Reduced-EF;DTA-data;External-validation","agreement","none","include","no"
"reviewer_A_batch_01_rows_0001-0250.csv","203","rayyan-550686323","34656465","10.1016/j.jcmg.2021.08.004","Using Deep-Learning Algorithms to Simultaneously Identify Right and Left Ventricular Dysfunction From the Electrocardiogram.","2022","JACC. Cardiovascular imaging","include","1","AI-ECG;Structural-heart-disease;Reduced-EF;DTA-data;External-validation","include","1","AI-ECG;Structural-heart-disease;Reduced-EF;DTA-data;External-validation","agreement","none","include","no"
"reviewer_A_batch_01_rows_0001-0250.csv","205","rayyan-550686325","34120755","10.1016/j.mayocp.2021.02.029","Artificial Intelligence-Augmented Electrocardiogram Detection of Left Ventricular Systolic Dysfunction in the General Population.","2021","Mayo Clinic proceedings","include","0.95","AI-ECG;Structural-heart-disease;Reduced-EF;DTA-data","include","1","AI-ECG;Structural-heart-disease;Reduced-EF;DTA-data","agreement","none","include","no"
"reviewer_A_batch_01_rows_0001-0250.csv","207","rayyan-550686327","40460597","10.1016/j.artmed.2025.103162","ECG synthesis for cardiac arrhythmias: Integrating self-supervised learning and generative adversarial networks.","2025","Artificial intelligence in medicine","include","0.95","AI-ECG;Structural-heart-disease;Reduced-EF;DTA-data","include","1","AI-ECG;Structural-heart-disease;Reduced-EF;DTA-data","agreement","none","include","no"
"reviewer_A_batch_01_rows_0001-0250.csv","211","rayyan-550686331","34419527","10.1016/j.ijcard.2021.08.026","Detection of hypertrophic cardiomyopathy by an artificial intelligence electrocardiogram in children and adolescents.","2021","International journal of cardiology","include","0.95","AI-ECG;Structural-heart-disease;LVH-HCM;DTA-data","include","1","AI-ECG;Structural-heart-disease;LVH-HCM;DTA-data","agreement","none","include","no"
"reviewer_A_batch_01_rows_0001-0250.csv","214","rayyan-550686334","40578470","10.1016/j.amjmed.2025.06.035","Artificial Intelligence for Identification of Patients with Increased Risk of Severe Cancer Therapy-Related Cardiac Dysfunction Following Anthracycline Therapy.","2025","The American journal of medicine","include","0.95","AI-ECG;Structural-heart-disease;Reduced-EF;DTA-data","include","1","AI-ECG;Structural-heart-disease;Reduced-EF;DTA-data","agreement","none","include","no"
"reviewer_A_batch_01_rows_0001-0250.csv","217","rayyan-550686337","33627606","10.1097/MAT.0000000000001218","Artificial Intelligence Algorithm for Screening Heart Failure with Reduced Ejection Fraction Using Electrocardiography.","2021","ASAIO journal (American Society for Artificial Internal Organs : 1992)","include","1","AI-ECG;Structural-heart-disease;Reduced-EF;DTA-data;External-validation","include","1","AI-ECG;Structural-heart-disease;Reduced-EF;DTA-data;External-validation","agreement","none","include","no"
"reviewer_A_batch_01_rows_0001-0250.csv","219","rayyan-550686339","41589068","10.1093/europace/euag015","Deep learning to predict left ventricular hypertrophy from the electrocardiogram.","2026","Europace : European pacing, arrhythmias, and cardiac electrophysiology : journal           of the working groups on cardiac pacing, arrhythmias, and cardiac cellular            electrophysiology of the European Society of Cardiology","include","1","AI-ECG;Structural-heart-disease;LVH-HCM;DTA-data;External-validation","include","1","AI-ECG;Structural-heart-disease;LVH-HCM;DTA-data;External-validation","agreement","none","include","no"
"reviewer_A_batch_01_rows_0001-0250.csv","221","rayyan-550686341","41287609","10.1714/4599.46056","[Artificial intelligence for the diagnosis of acute coronary syndromes].","2025","Giornale italiano di cardiologia (2006)","include","0.95","AI-ECG;Structural-heart-disease;Reduced-EF;DTA-data","include","1","AI-ECG;Structural-heart-disease;Reduced-EF;DTA-data","agreement","none","include","no"
"reviewer_A_batch_01_rows_0001-0250.csv","222","rayyan-550686342","28978948","10.1038/s41598-017-12951-x","Machine Learning Improves Risk Stratification After Acute Coronary Syndrome.","2017","Scientific reports","include","1","AI-ECG;Structural-heart-disease;Reduced-EF;DTA-data;External-validation","include","1","AI-ECG;Structural-heart-disease;Reduced-EF;DTA-data","agreement","none","include","no"
"reviewer_A_batch_01_rows_0001-0250.csv","231","rayyan-550686351","35523549","10.7507/1001-5515.202109046","[Automatic detection model of hypertrophic cardiomyopathy based on deep convolutional neural network].","2022","Sheng wu yi xue gong cheng xue za zhi = Journal of biomedical engineering =           Shengwu yixue gongchengxue zazhi","include","0.95","AI-ECG;Structural-heart-disease;LVH-HCM;DTA-data","include","1","AI-ECG;Structural-heart-disease;LVH-HCM;DTA-data","agreement","none","include","no"
"reviewer_A_batch_01_rows_0001-0250.csv","232","rayyan-550686352","36501892","10.3390/s22239190","CNN and SVM-Based Models for the Detection of Heart Failure Using Electrocardiogram Signals.","2022","Sensors (Basel, Switzerland)","include","0.95","AI-ECG;Structural-heart-disease;Reduced-EF;DTA-data","include","1","AI-ECG;Structural-heart-disease;Reduced-EF;DTA-data","agreement","none","include","no"
"reviewer_A_batch_01_rows_0001-0250.csv","237","rayyan-550686357","30064946","10.1016/j.jjcc.2018.06.005","Simple risk model and score for predicting of incident atrial fibrillation in Japanese.","2019","Journal of cardiology","include","0.95","AI-ECG;Structural-heart-disease;LVH-HCM;DTA-data","include","1","AI-ECG;Structural-heart-disease;LVH-HCM;DTA-data","agreement","none","include","no"
"reviewer_A_batch_01_rows_0001-0250.csv","238","rayyan-550686358","36738606","10.1016/j.cmpb.2023.107359","Extensive deep learning model to enhance electrocardiogram application via latent cardiovascular feature extraction from identity identification.","2023","Computer methods and programs in biomedicine","include","1","AI-ECG;Structural-heart-disease;Reduced-EF;DTA-data;External-validation","include","1","AI-ECG;Structural-heart-disease;Reduced-EF;DTA-data","agreement","none","include","no"
"reviewer_A_batch_01_rows_0001-0250.csv","240","rayyan-550686360","28710424","10.1038/s41598-017-05592-7","Takotsubo Syndrome - Predictable from brain imaging data.","2017","Scientific reports","include","0.95","AI-ECG;Structural-heart-disease;Reduced-EF;DTA-data","include","1","AI-ECG;Structural-heart-disease;Reduced-EF;DTA-data","agreement","none","include","no"
"reviewer_A_batch_01_rows_0001-0250.csv","247","rayyan-550686367","39067281","10.1016/j.jelectrocard.2024.153759","From sleep patterns to heart rhythm: Predicting atrial fibrillation from overnight polysomnograms.","2024","Journal of electrocardiology","include","0.95","AI-ECG;Structural-heart-disease;Reduced-EF;DTA-data","include","1","AI-ECG;Structural-heart-disease;Reduced-EF;DTA-data","agreement","none","include","no"
"reviewer_A_batch_02rows0251-0500.csv","7","rayyan-550686377","41038524","10.1016/j.amjcard.2025.09.037","Deep Learning Predicts Cardiac Output from Seismocardiographic Signals in Heart Failure.","2026","The American journal of cardiology","include","0,95","AI-ECG;Structural-heart-disease;DTA-data","include","1","AI-ECG;Structural-heart-disease;DTA-data","agreement","none","include","no"
"reviewer_A_batch_02rows0251-0500.csv","9","rayyan-550686379","33885269","10.33963/KP.15955","Machine learning versus classical electrocardiographic criteria for echocardiographic left ventricular hypertrophy in a pre-participation cohort.","2021","Kardiologia polska","include","0,95","AI-ECG;Structural-heart-disease;DTA-data","include","1","AI-ECG;Structural-heart-disease;DTA-data","agreement","none","include","no"
"reviewer_A_batch_02rows0251-0500.csv","14","rayyan-550686384","40708205","10.1002/ccd.70041","Convolutional Neural Network Fused With Recurrent Network for ECG-Based Detection of Hypertrophic Cardiomyopathy.","2025","Catheterization and cardiovascular interventions : official journal of the           Society for Cardiac Angiography & Interventions","include","0,95","AI-ECG;Structural-heart-disease;DTA-data","include","1","AI-ECG;Structural-heart-disease;DTA-data","agreement","none","include","no"
"reviewer_A_batch_02rows0251-0500.csv","16","rayyan-550686386","35959675","10.1161/CIRCOUTCOMES.121.008360","Artificial Intelligence-Enabled Model for Early Detection of Left Ventricular Hypertrophy and Mortality Prediction in Young to Middle-Aged Adults.","2022","Circulation. Cardiovascular quality and outcomes","include","0,95","AI-ECG;Structural-heart-disease;DTA-data","include","1","AI-ECG;Structural-heart-disease;DTA-data","agreement","none","include","no"
"reviewer_A_batch_02rows0251-0500.csv","17","rayyan-550686387","29650121","10.1016/j.jacc.2018.02.024","Prediction of Abnormal Myocardial Relaxation From Signal Processed Surface ECG.","2018","Journal of the American College of Cardiology","include","0,95","AI-ECG;Structural-heart-disease;DTA-data","include","1","AI-ECG;Structural-heart-disease;DTA-data","agreement","none","include","no"
"reviewer_A_batch_02rows0251-0500.csv","21","rayyan-550686391","32401764","10.1371/journal.pone.0232657","Improvement of electrocardiographic diagnostic accuracy of left ventricular hypertrophy using a Machine Learning approach.","2020","PloS one","include","0,95","AI-ECG;Structural-heart-disease;DTA-data","include","1","AI-ECG;Structural-heart-disease;DTA-data","agreement","none","include","no"
"reviewer_A_batch_02rows0251-0500.csv","22","rayyan-550686392","39168295","10.1016/j.hrthm.2024.08.030","Improved diagnosis of arrhythmogenic right ventricular cardiomyopathy using electrocardiographic deep learning.","2025","Heart rhythm","include","0,95","AI-ECG;Structural-heart-disease;DTA-data","include","1","AI-ECG;Structural-heart-disease;DTA-data","agreement","none","include","no"
"reviewer_A_batch_02rows0251-0500.csv","23","rayyan-550686393","38126168","10.1161/CIRCHEARTFAILURE.123.010879","Race, Sex, and Age Disparities in the Performance of ECG Deep Learning Models Predicting Heart Failure.","2024","Circulation. Heart failure","include","0,95","AI-ECG;Structural-heart-disease;DTA-data","include","1","AI-ECG;Structural-heart-disease;DTA-data","agreement","none","include","no"
"reviewer_A_batch_02rows0251-0500.csv","27","rayyan-550686397","41331773","10.1111/jce.70212","Deep Learning-Based Prediction Model for Cardiac Resynchronization Therapy Responders Using Electrocardiogram Data.","2026","Journal of cardiovascular electrophysiology","include","0,95","AI-ECG;Structural-heart-disease;DTA-data","include","1","AI-ECG;Structural-heart-disease;DTA-data","agreement","none","include","no"
"reviewer_A_batch_02rows0251-0500.csv","28","rayyan-550686398","34147443","10.1016/j.jcmg.2021.04.020","Machine Learning of ECG Waveforms to Improve Selection for Testing for Asymptomatic Left Ventricular Dysfunction.","2021","JACC. Cardiovascular imaging","include","0,95","AI-ECG;Structural-heart-disease;DTA-data","include","1","AI-ECG;Structural-heart-disease;DTA-data","agreement","none","include","no"
"reviewer_A_batch_02rows0251-0500.csv","32","rayyan-550686402","33565217","10.1111/jce.14936","A method to screen left ventricular dysfunction through ECG based on convolutional neural network.","2021","Journal of cardiovascular electrophysiology","include","0,95","AI-ECG;Structural-heart-disease;DTA-data","include","1","AI-ECG;Structural-heart-disease;DTA-data","agreement","none","include","no"
"reviewer_A_batch_02rows0251-0500.csv","34","rayyan-550686404","38139680","10.3390/s23249834","Improving Valvular Pathologies and Ventricular Dysfunction Diagnostic Efficiency Using Combined Auscultation and Electrocardiography Data: A Multimodal AI Approach.","2023","Sensors (Basel, Switzerland)","include","0,95","AI-ECG;Structural-heart-disease;DTA-data","include","1","AI-ECG;Structural-heart-disease;DTA-data","agreement","none","include","no"
"reviewer_A_batch_02rows0251-0500.csv","37","rayyan-550686407","39638880","10.1038/s41598-024-81992-w","A hybrid cardiovascular arrhythmia disease detection using ConvNeXt-X models on electrocardiogram signals.","2024","Scientific reports","include","0,95","AI-ECG;Structural-heart-disease;DTA-data","include","1","AI-ECG;Structural-heart-disease;DTA-data","agreement","none","include","no"
"reviewer_A_batch_02rows0251-0500.csv","39","rayyan-550686409","34116837","10.1016/j.mayocp.2020.11.032","Cost Effectiveness of an Electrocardiographic Deep Learning Algorithm to Detect Asymptomatic Left Ventricular Dysfunction.","2021","Mayo Clinic proceedings","include","0,95","AI-ECG;Structural-heart-disease;DTA-data","include","1","AI-ECG;Structural-heart-disease;DTA-data","agreement","none","include","no"
"reviewer_A_batch_02rows0251-0500.csv","40","rayyan-550686410","31710842","10.1016/j.ahj.2019.10.007","ECG AI-Guided Screening for Low Ejection Fraction (EAGLE): Rationale and design of a pragmatic cluster randomized trial.","2020","American heart journal","include","0,95","AI-ECG;Structural-heart-disease;DTA-data","include","1","AI-ECG;Structural-heart-disease;DTA-data","agreement","none","include","no"
"reviewer_A_batch_02rows0251-0500.csv","41","rayyan-550686411","30925693","10.3390/s19071502","Detection of Congestive Heart Failure Based on LSTM-Based Deep Network via Short-Term RR Intervals.","2019","Sensors (Basel, Switzerland)","include","0,95","AI-ECG;Structural-heart-disease;DTA-data","include","1","AI-ECG;Structural-heart-disease;DTA-data","agreement","none","include","no"
"reviewer_A_batch_02rows0251-0500.csv","43","rayyan-550686413","39809042","10.1016/j.artmed.2024.103065","ECGEFNet: A two-branch deep learning model for calculating left ventricular ejection fraction using electrocardiogram.","2025","Artificial intelligence in medicine","include","0,95","AI-ECG;Structural-heart-disease;DTA-data","include","1","AI-ECG;Structural-heart-disease;DTA-data","agreement","none","include","no"
"reviewer_A_batch_02rows0251-0500.csv","44","rayyan-550686414","37967949","10.1253/circj.CJ-23-0216","Deep Learning Models for Predicting Left Heart Abnormalities From Single-Lead Electrocardiogram for the Development of Wearable Devices.","2023","Circulation journal : official journal of the Japanese Circulation Society","include","0,95","AI-ECG;Structural-heart-disease;DTA-data","include","1","AI-ECG;Structural-heart-disease;DTA-data","agreement","none","include","no"
"reviewer_A_batch_02rows0251-0500.csv","45","rayyan-550686415","34853226","10.1536/ihj.21-407","The Effectiveness of a Deep Learning Model to Detect Left Ventricular Systolic Dysfunction from Electrocardiograms.","2021","International heart journal","include","0,95","AI-ECG;Structural-heart-disease;DTA-data","include","1","AI-ECG;Structural-heart-disease;DTA-data","agreement","none","include","no"
"reviewer_A_batch_02rows0251-0500.csv","49","rayyan-550686419","41419110","10.1016/j.cjca.2025.12.022","Diagnostic Accuracy of Machine Learning Algorithms in Electrocardiogram-Based Heart Failure Detection: A Systematic Review and Meta-Analysis.","2026","The Canadian journal of cardiology","include","0,95","AI-ECG;Structural-heart-disease;DTA-data","include","1","AI-ECG;Structural-heart-disease;DTA-data","agreement","none","include","no"
"reviewer_A_batch_02rows0251-0500.csv","53","rayyan-550686423","38092190","10.1016/j.cjca.2023.11.044","Opportunistic Screening for Asymptomatic Left Ventricular Dysfunction With the Use of Electrocardiographic Artificial Intelligence: A Cost-Effectiveness Approach.","2024","The Canadian journal of cardiology","include","0,95","AI-ECG;Structural-heart-disease;DTA-data","include","1","AI-ECG;Structural-heart-disease;DTA-data","agreement","none","include","no"
"reviewer_A_batch_02rows0251-0500.csv","56","rayyan-550686426","35987961","10.1038/s41598-022-18640-8","Deep learning of ECG waveforms for diagnosis of heart failure with a reduced left ventricular ejection fraction.","2022","Scientific reports","include","0,95","AI-ECG;Structural-heart-disease;DTA-data","include","1","AI-ECG;Structural-heart-disease;DTA-data","agreement","none","include","no"
"reviewer_A_batch_02rows0251-0500.csv","60","rayyan-550686430","39787045","10.1093/ehjacc/zuaf001","Deep learning model for identifying acute heart failure patients using electrocardiography in the emergency room.","2025","European heart journal. Acute cardiovascular care","include","0,95","AI-ECG;Structural-heart-disease;DTA-data","include","1","AI-ECG;Structural-heart-disease;DTA-data","agreement","none","include","no"
"reviewer_A_batch_02rows0251-0500.csv","62","rayyan-550686432","24886422","10.1186/1471-2261-14-59","Usefulness of the heart-rate variability complex for predicting cardiac mortality after acute myocardial infarction.","2014","BMC cardiovascular disorders","include","0,95","AI-ECG;Structural-heart-disease;DTA-data","include","1","AI-ECG;Structural-heart-disease;DTA-data","agreement","none","include","no"
"reviewer_A_batch_02rows0251-0500.csv","64","rayyan-550686434","11108211","10.1615/critrevbiomedeng.v28.i34.140","An artificial neural network for the electrocardiographic diagnosis of left ventricular hypertrophy.","2000","Critical reviews in biomedical engineering","include","0,95","AI-ECG;Structural-heart-disease;DTA-data","include","1","AI-ECG;Structural-heart-disease;DTA-data","agreement","none","include","no"
"reviewer_A_batch_02rows0251-0500.csv","65","rayyan-550686435","39979759","10.1007/s10278-024-01380-8","A New Method Using Deep Learning to Predict the Response to Cardiac Resynchronization Therapy.","2025","Journal of imaging informatics in medicine","include","0,95","AI-ECG;Structural-heart-disease;DTA-data","include","1","AI-ECG;Structural-heart-disease;DTA-data","agreement","none","include","no"
"reviewer_A_batch_02rows0251-0500.csv","69","rayyan-550686439","40396866","10.36660/abc.20240740","Use of Artificial Intelligence Applied to Electrocardiogram for Diagnosis of Left Ventricular Systolic Dysfunction.","2025","Arquivos brasileiros de cardiologia","include","0,95","AI-ECG;Structural-heart-disease;DTA-data","include","1","AI-ECG;Structural-heart-disease;DTA-data","agreement","none","include","no"
"reviewer_A_batch_02rows0251-0500.csv","72","rayyan-550686442","29611430","10.1177/2048872618768081","Diagnostic Accuracy Of The Electrocardiographic Decision Support - Myocardial Ischaemia (EDS-MI) Algorithm In Detection Of Acute Coronary Occlusion.","2020","European heart journal. Acute cardiovascular care","include","0,95","AI-ECG;Structural-heart-disease;DTA-data","include","1","AI-ECG;Structural-heart-disease;DTA-data","agreement","none","include","no"
"reviewer_A_batch_02rows0251-0500.csv","75","rayyan-550686445","39141600","10.1371/journal.pone.0307978","Applying masked autoencoder-based self-supervised learning for high-capability vision transformers of electrocardiographies.","2024","PloS one","include","0,95","AI-ECG;Structural-heart-disease;DTA-data","include","1","AI-ECG;Structural-heart-disease;DTA-data","agreement","none","include","no"
"reviewer_A_batch_02rows0251-0500.csv","78","rayyan-550686448","34871321","10.1371/journal.pntd.0009974","Left ventricular systolic dysfunction predicted by artificial intelligence using the electrocardiogram in Chagas disease patients-The SaMi-Trop cohort.","2021","PLoS neglected tropical diseases","include","0,95","AI-ECG;Structural-heart-disease;DTA-data","include","1","AI-ECG;Structural-heart-disease;DTA-data","agreement","none","include","no"
"reviewer_A_batch_02rows0251-0500.csv","84","rayyan-550686454","9540323","","Using a neural network to diagnose the hypertrophic portions of hypertrophic cardiomyopathy.","1998","M.D. computing : computers in medical practice","include","0,95","AI-ECG;Structural-heart-disease;DTA-data","include","1","AI-ECG;Structural-heart-disease;DTA-data","agreement","none","include","no"
"reviewer_A_batch_02rows0251-0500.csv","87","rayyan-550686457","41335921","10.1109/EMBC58623.2025.11252617","SViT-ECG: Spectrogram Vision Transformer for Detection of Short-Term Atrial Fibrillation from ECG Signals.","2025","Annual International Conference of the IEEE Engineering in Medicine and Biology           Society. IEEE Engineering in Medicine and Biology Society. Annual International            Conference","include","0,95","AI-ECG;Structural-heart-disease;DTA-data","include","1","AI-ECG;Structural-heart-disease;DTA-data","agreement","none","include","no"
"reviewer_A_batch_02rows0251-0500.csv","88","rayyan-550686458","38739639","10.1371/journal.pone.0302639","Prediction of heart failure patients with distinct left ventricular ejection fraction levels using circadian ECG features and machine learning.","2024","PloS one","include","0,95","AI-ECG;Structural-heart-disease;DTA-data","include","1","AI-ECG;Structural-heart-disease;DTA-data","agreement","none","include","no"
"reviewer_A_batch_02rows0251-0500.csv","92","rayyan-550686462","41105678","10.1371/journal.pone.0334829","Clinically interpretable electrovectorcardiographic machine learning criteria for the detection of echocardiographic left ventricular hypertrophy.","2025","PloS one","include","0,95","AI-ECG;Structural-heart-disease;DTA-data","include","1","AI-ECG;Structural-heart-disease;DTA-data","agreement","none","include","no"
"reviewer_A_batch_02rows0251-0500.csv","93","rayyan-550686463","38428250","10.1016/j.cmpb.2024.108097","One-shot screening: Utilization of a two-dimensional convolutional neural network for automatic detection of left ventricular hypertrophy using electrocardiograms.","2024","Computer methods and programs in biomedicine","include","0,95","AI-ECG;Structural-heart-disease;DTA-data","include","1","AI-ECG;Structural-heart-disease;DTA-data","agreement","none","include","no"
"reviewer_A_batch_02rows0251-0500.csv","94","rayyan-550686464","41063616","10.5543/tkda.2025.18598","Detection of Hypokalemia, Hyponatremia, and Hyperkalemia in Heart Failure Patients Using Artificial Intelligence Techniques via Electrocardiography.","2026","Turk Kardiyoloji Dernegi arsivi : Turk Kardiyoloji Derneginin yayin organidir","include","0,95","AI-ECG;Structural-heart-disease;DTA-data","include","1","AI-ECG;Structural-heart-disease;DTA-data","agreement","none","include","no"
"reviewer_A_batch_02rows0251-0500.csv","100","rayyan-550686470","39515502","10.1016/j.hrthm.2024.11.002","Machine learning identifies arrhythmogenic features of QRS fragmentation in human cardiomyopathy: Implications for improving risk stratification.","2025","Heart rhythm","include","0,95","AI-ECG;Structural-heart-disease;DTA-data","include","1","AI-ECG;Structural-heart-disease;DTA-data","agreement","none","include","no"
"reviewer_A_batch_02rows0251-0500.csv","102","rayyan-550686472","32161041","10.1136/heartjnl-2019-315962","Prediction of prognosis in patients with tetralogy of Fallot based on deep learning imaging analysis.","2020","Heart (British Cardiac Society)","include","0,95","AI-ECG;Structural-heart-disease;DTA-data","include","1","AI-ECG;Structural-heart-disease;DTA-data","agreement","none","include","no"
"reviewer_A_batch_02rows0251-0500.csv","103","rayyan-550686473","41698516","10.1016/j.ymeth.2026.02.007","Interpretable multimodal machine learning model for predicting health risks of patients with heart failure.","2026","Methods (San Diego, Calif.)","include","0,95","AI-ECG;Structural-heart-disease;DTA-data","include","1","AI-ECG;Structural-heart-disease;DTA-data","agreement","none","include","no"
"reviewer_A_batch_02rows0251-0500.csv","106","rayyan-550686476","41212334","10.1007/s10916-025-02289-7","Estimating LVEF from ECG with GPT-4o Fine-Tuned Vision: A Novel Approach in AI-Driven Cardiac Diagnostics.","2025","Journal of medical systems","include","0,95","AI-ECG;Structural-heart-disease;DTA-data","include","1","AI-ECG;Structural-heart-disease;DTA-data","agreement","none","include","no"
"reviewer_A_batch_02rows0251-0500.csv","109","rayyan-550686479","40966795","10.1016/j.hrtlng.2025.09.012","AI-driven ECG diagnostics: A game-changer for hypertrophic cardiomyopathy. A systematic review and diagnostic test accuracy meta-analysis.","2026","Heart & lung : the journal of critical care","include","0,95","AI-ECG;Structural-heart-disease;DTA-data","include","1","AI-ECG;Structural-heart-disease;DTA-data","agreement","none","include","no"
"reviewer_A_batch_02rows0251-0500.csv","114","rayyan-550686484","41531220","10.3904/kjim.2025.104","Enhanced prediction of left ventricular ejection fraction using electrocardiography with the addition of clinical metadata.","2026","The Korean journal of internal medicine","include","0,95","AI-ECG;Structural-heart-disease;DTA-data","include","1","AI-ECG;Structural-heart-disease;DTA-data","agreement","none","include","no"
"reviewer_A_batch_02rows0251-0500.csv","119","rayyan-550686489","18381865","10.1177/021849230801600204","Differentiation of ischemic and dilated cardiomyopathy on electrocardiograms.","2008","Asian cardiovascular & thoracic annals","include","0,95","AI-ECG;Structural-heart-disease;DTA-data","include","1","AI-ECG;Structural-heart-disease;DTA-data","agreement","none","include","no"
"reviewer_A_batch_02rows0251-0500.csv","126","rayyan-550686496","36085683","10.1109/EMBC48229.2022.9871259","LTH-ECG: Lottery Ticket Hypothesis-based Deep Learning Model Compression for Atrial Fibrillation Detection from Single Lead ECG On Wearable and Implantable Devices.","2022","Annual International Conference of the IEEE Engineering in Medicine and Biology           Society. IEEE Engineering in Medicine and Biology Society. Annual International            Conference","include","0,95","AI-ECG;Structural-heart-disease;DTA-data","include","1","AI-ECG;Structural-heart-disease;DTA-data","agreement","none","include","no"
"reviewer_A_batch_02rows0251-0500.csv","127","rayyan-550686497","39919503","10.1016/j.jelectrocard.2025.153888","A systematic review and meta-analysis on the performance of convolutional neural networks ECGs in the diagnosis of hypertrophic cardiomyopathy.","2025","Journal of electrocardiology","include","0,95","AI-ECG;Structural-heart-disease;DTA-data","include","1","AI-ECG;Structural-heart-disease;DTA-data","agreement","none","include","no"
"reviewer_A_batch_02rows0251-0500.csv","128","rayyan-550686498","34998740","10.1016/S2589-7500(21)00256-9","Point-of-care screening for heart failure with reduced ejection fraction using artificial intelligence during ECG-enabled stethoscope examination in London, UK: a prospective, observational, multicentre study.","2022","The Lancet. Digital health","include","0,95","AI-ECG;Structural-heart-disease;DTA-data","include","1","AI-ECG;Structural-heart-disease;DTA-data","agreement","none","include","no"
"reviewer_A_batch_02rows0251-0500.csv","131","rayyan-550686501","24513471","10.1016/j.amjcard.2013.12.039","Novel electrocardiographic screening criterion for hypertrophic cardiomyopathy in children.","2014","The American journal of cardiology","include","0,95","AI-ECG;Structural-heart-disease;DTA-data","include","1","AI-ECG;Structural-heart-disease;DTA-data","agreement","none","include","no"
"reviewer_A_batch_02rows0251-0500.csv","132","rayyan-550686502","31800031","10.1093/europace/euz324","Comparing the performance of artificial intelligence and conventional diagnosis criteria for detecting left ventricular hypertrophy using electrocardiography.","2020","Europace : European pacing, arrhythmias, and cardiac electrophysiology : journal           of the working groups on cardiac pacing, arrhythmias, and cardiac cellular            electrophysiology of the European Society of Cardiology","include","0,95","AI-ECG;Structural-heart-disease;DTA-data","include","1","AI-ECG;Structural-heart-disease;DTA-data","agreement","none","include","no"
"reviewer_A_batch_02rows0251-0500.csv","133","rayyan-550686503","21741040","10.1016/j.compbiomed.2011.06.016","Modeling of heart systolic murmurs based on multivariate matching pursuit for diagnosis of valvular disorders.","2011","Computers in biology and medicine","include","0,95","AI-ECG;Structural-heart-disease;DTA-data","include","1","AI-ECG;Structural-heart-disease;DTA-data","agreement","none","include","no"
"reviewer_A_batch_02rows0251-0500.csv","135","rayyan-550686505","41680225","10.1038/s41598-026-35531-4","A lightweight residual dilated temporal transformer block for ECG classification on edge devices.","2026","Scientific reports","include","0,95","AI-ECG;Structural-heart-disease;DTA-data","include","1","AI-ECG;Structural-heart-disease;DTA-data","agreement","none","include","no"
"reviewer_A_batch_02rows0251-0500.csv","138","rayyan-550686508","41859908","10.1161/JAHA.125.047146","Predicting Recurrence and Outcomes After Stressor-Associated Atrial Fibrillation Using ECG-Based Deep Learning.","2026","Journal of the American Heart Association","include","0,95","AI-ECG;Structural-heart-disease;DTA-data","include","1","AI-ECG;Structural-heart-disease;DTA-data","agreement","none","include","no"
"reviewer_A_batch_02rows0251-0500.csv","147","rayyan-550686517","41678824","10.7189/jogh.16.04048","Development and explanation of electrocardiogram-based deep learning for predicting short-term mortality in heart failure patients.","2026","Journal of global health","include","0,95","AI-ECG;Structural-heart-disease;DTA-data","include","1","AI-ECG;Structural-heart-disease;DTA-data","agreement","none","include","no"
"reviewer_A_batch_02rows0251-0500.csv","148","rayyan-550686518","8837583","10.1016/s0735-1097(96)00269-0","Agreement between artificial neural networks and experienced electrocardiographer on electrocardiographic diagnosis of healed myocardial infarction.","1996","Journal of the American College of Cardiology","include","0,95","AI-ECG;Structural-heart-disease;DTA-data","include","1","AI-ECG;Structural-heart-disease;DTA-data","agreement","none","include","no"
"reviewer_A_batch_02rows0251-0500.csv","150","rayyan-550686520","34464552","10.1259/bjr.20210259","A machine-learning-based method to predict adverse events in patients with dilated cardiomyopathy and severely reduced ejection fractions.","2021","The British journal of radiology","include","0,95","AI-ECG;Structural-heart-disease;DTA-data","include","1","AI-ECG;Structural-heart-disease;DTA-data","agreement","none","include","no"
"reviewer_A_batch_02rows0251-0500.csv","153","rayyan-550686523","32986471","10.1161/CIRCEP.120.008437","Artificial Intelligence-Enabled ECG Algorithm to Identify Patients With Left Ventricular Systolic Dysfunction Presenting to the Emergency Department With Dyspnea.","2020","Circulation. Arrhythmia and electrophysiology","include","0,95","AI-ECG;Structural-heart-disease;DTA-data","include","1","AI-ECG;Structural-heart-disease;DTA-data","agreement","none","include","no"
"reviewer_A_batch_02rows0251-0500.csv","155","rayyan-550686525","30821035","10.1111/jce.13889","Prospective validation of a deep learning electrocardiogram algorithm for the detection of left ventricular systolic dysfunction.","2019","Journal of cardiovascular electrophysiology","include","0,95","AI-ECG;Structural-heart-disease;DTA-data","include","1","AI-ECG;Structural-heart-disease;DTA-data","agreement","none","include","no"
"reviewer_A_batch_02rows0251-0500.csv","156","rayyan-550686526","41296623","10.2459/JCM.0000000000001794","Enhancing differential diagnosis of IHD and DCM using interpretable machine learning in mildly reduced ejection fraction.","2025","Journal of cardiovascular medicine (Hagerstown, Md.)","include","0,95","AI-ECG;Structural-heart-disease;DTA-data","include","1","AI-ECG;Structural-heart-disease;DTA-data","agreement","none","include","no"
"reviewer_A_batch_02rows0251-0500.csv","157","rayyan-550686527","39463004","10.1002/ehf2.15120","Electrocardiograph analysis for risk assessment of heart failure with preserved ejection fraction: A deep learning model.","2025","ESC heart failure","include","0,95","AI-ECG;Structural-heart-disease;DTA-data","include","1","AI-ECG;Structural-heart-disease;DTA-data","agreement","none","include","no"
"reviewer_A_batch_02rows0251-0500.csv","159","rayyan-550686529","34314540","10.1111/apa.16045","Sudden cardiac death in childhood hypertrophic cardiomyopathy is best predicted by a combination of electrocardiogram risk-score and HCMRisk-Kids score.","2021","Acta paediatrica (Oslo, Norway : 1992)","include","0,95","AI-ECG;Structural-heart-disease;DTA-data","include","1","AI-ECG;Structural-heart-disease;DTA-data","agreement","none","include","no"
"reviewer_A_batch_02rows0251-0500.csv","162","rayyan-550686532","32911053","10.1016/j.hrthm.2020.08.021","Computer versus cardiologist: Is a machine learning algorithm able to outperform an expert in diagnosing a phospholamban p.Arg14del mutation on the electrocardiogram?","2021","Heart rhythm","include","0,95","AI-ECG;Structural-heart-disease;DTA-data","include","1","AI-ECG;Structural-heart-disease;DTA-data","agreement","none","include","no"
"reviewer_A_batch_02rows0251-0500.csv","166","rayyan-550686536","22100804","10.1016/j.recesp.2011.07.018","Diagnostic accuracy of computer-assisted electrocardiography in the diagnosis of left ventricular hypertrophy in left bundle branch block.","2012","Revista espanola de cardiologia (English ed.)","include","0,95","AI-ECG;Structural-heart-disease;DTA-data","include","1","AI-ECG;Structural-heart-disease;DTA-data","agreement","none","include","no"
"reviewer_A_batch_02rows0251-0500.csv","168","rayyan-550686538","29538684","10.1093/ehjci/jey003","Predicting deterioration of ventricular function in patients with repaired tetralogy of Fallot using machine learning.","2018","European heart journal. Cardiovascular Imaging","include","0,95","AI-ECG;Structural-heart-disease;DTA-data","include","1","AI-ECG;Structural-heart-disease;DTA-data","agreement","none","include","no"
"reviewer_A_batch_02rows0251-0500.csv","174","rayyan-550686544","40030552","10.1109/JBHI.2024.3510217","Clinical Features and Physiological Signals Fusion Network for Mechanical Circulatory Support Need Prediction in Pediatric Cardiac Intensive Care Unit.","2025","IEEE journal of biomedical and health informatics","include","0,95","AI-ECG;Structural-heart-disease;DTA-data","include","1","AI-ECG;Structural-heart-disease;DTA-data","agreement","none","include","no"
"reviewer_A_batch_02rows0251-0500.csv","176","rayyan-550686546","25588700","10.1093/ajh/hpu268","R Wave in aVL Lead is a Robust Index of Left Ventricular Hypertrophy: A Cardiac MRI Study.","2015","American journal of hypertension","include","0,95","AI-ECG;Structural-heart-disease;DTA-data","include","1","AI-ECG;Structural-heart-disease;DTA-data","agreement","none","include","no"
"reviewer_A_batch_02rows0251-0500.csv","180","rayyan-550686550","7560595","10.1016/0735-1097(95)00269-5","Improved electrocardiographic detection of echocardiographic left ventricular hypertrophy: results of a correlated data base approach.","1995","Journal of the American College of Cardiology","include","0,95","AI-ECG;Structural-heart-disease;DTA-data","include","1","AI-ECG;Structural-heart-disease;DTA-data","agreement","none","include","no"
"reviewer_A_batch_02rows0251-0500.csv","181","rayyan-550686551","41545539","10.1038/s41598-025-34911-6","Prediction of left ventricular systolic dysfunction in left bundle branch block using a fine-tuned ECG foundation model.","2026","Scientific reports","include","0,95","AI-ECG;Structural-heart-disease;DTA-data","include","1","AI-ECG;Structural-heart-disease;DTA-data","agreement","none","include","no"
"reviewer_A_batch_02rows0251-0500.csv","184","rayyan-550686554","30952382","10.1016/j.amjcard.2019.02.022","Identifying Ventricular Arrhythmias and Their Predictors by Applying Machine Learning Methods to Electronic Health Records in Patients With Hypertrophic Cardiomyopathy (HCM-VAr-Risk Model).","2019","The American journal of cardiology","include","0,95","AI-ECG;Structural-heart-disease;DTA-data","include","1","AI-ECG;Structural-heart-disease;DTA-data","agreement","none","include","no"
"reviewer_A_batch_02rows0251-0500.csv","185","rayyan-550686555","41329232","10.1007/s11739-025-04209-6","Non-invasive hemoglobin estimation with outcome prediction via deep learning analysis of ECG-derived cardiac micro-dynamics.","2026","Internal and emergency medicine","include","0,95","AI-ECG;Structural-heart-disease;DTA-data","include","1","AI-ECG;Structural-heart-disease;DTA-data","agreement","none","include","no"
"reviewer_A_batch_02rows0251-0500.csv","188","rayyan-550686558","39986123","10.1016/j.ijmedinf.2025.105843","Electrocardiographic-Driven artificial intelligence Model: A new approach to predicting One-Year mortality in heart failure with reduced ejection fraction patients.","2025","International journal of medical informatics","include","0,95","AI-ECG;Structural-heart-disease;DTA-data","include","1","AI-ECG;Structural-heart-disease;DTA-data","agreement","none","include","no"
"reviewer_A_batch_02rows0251-0500.csv","191","rayyan-550686561","34422243","10.1155/2021/4845792","The Role of Deep Learning-Based Echocardiography in the Diagnosis and Evaluation of the Effects of Routine Anti-Heart-Failure Western Medicines in Elderly Patients with Acute Left Heart Failure.","2021","Journal of healthcare engineering","include","0,95","AI-ECG;Structural-heart-disease;DTA-data","include","1","AI-ECG;Structural-heart-disease;DTA-data","agreement","none","include","no"
"reviewer_A_batch_02rows0251-0500.csv","198","rayyan-550686568","40745013","10.1038/s41598-025-13510-5","Investigating the Impact of the Stationarity Hypothesis on Heart Failure Detection using Deep Convolutional Scattering Networks and Machine Learning.","2025","Scientific reports","include","0,95","AI-ECG;Structural-heart-disease;DTA-data","include","1","AI-ECG;Structural-heart-disease;DTA-data","agreement","none","include","no"
"reviewer_A_batch_02rows0251-0500.csv","204","rayyan-550686574","30106699","10.1109/JBHI.2018.2858789","Multiscaled Fusion of Deep Convolutional Neural Networks for Screening Atrial Fibrillation From Single Lead Short ECG Recordings.","2018","IEEE journal of biomedical and health informatics","include","0,95","AI-ECG;Structural-heart-disease;DTA-data","include","1","AI-ECG;Structural-heart-disease;DTA-data","agreement","none","include","no"
"reviewer_A_batch_02rows0251-0500.csv","206","rayyan-550686576","40700948","10.1016/j.jelectrocard.2025.154052","Age, sex, hypertension and the sensitivity and specificity of traditional, new and a machine learning ECG criteria for prediction of left ventricular hypertrophy.","2025","Journal of electrocardiology","include","0,95","AI-ECG;Structural-heart-disease;DTA-data","include","1","AI-ECG;Structural-heart-disease;DTA-data","agreement","none","include","no"
"reviewer_A_batch_02rows0251-0500.csv","209","rayyan-550686579","30441699","10.1109/EMBC.2018.8513562","Atrial Fibrillation Detection in Short Single Lead ECG Recordings Using Wavelet Transform and Artificial Neural Networks.","2018","Annual International Conference of the IEEE Engineering in Medicine and Biology           Society. IEEE Engineering in Medicine and Biology Society. Annual International            Conference","include","0,95","AI-ECG;Structural-heart-disease;DTA-data","include","1","AI-ECG;Structural-heart-disease;DTA-data","agreement","none","include","no"
"reviewer_A_batch_02rows0251-0500.csv","211","rayyan-550686581","41718624","10.5830/CVJA-2025-069","Rapid AI-assisted Poincare plot analysis for early detection of subclinical left ventricular dysfunction in hypertensive patients admitted to the emergency department: A prospective observational study.","2025","Cardiovascular journal of Africa","include","0,95","AI-ECG;Structural-heart-disease;DTA-data","include","1","AI-ECG;Structural-heart-disease;DTA-data","agreement","none","include","no"
"reviewer_A_batch_02rows0251-0500.csv","213","rayyan-550686583","31005538","10.1016/j.jcmg.2019.03.009","New Multiparametric Analysis of Cardiac Dyssynchrony: Machine Learning and Prediction of Response to CRT.","2019","JACC. Cardiovascular imaging","include","0,95","AI-ECG;Structural-heart-disease;DTA-data","include","1","AI-ECG;Structural-heart-disease;DTA-data","agreement","none","include","no"
"reviewer_A_batch_02rows0251-0500.csv","222","rayyan-550686592","27189816","10.1016/j.amjcard.2016.04.021","Validation of the 2014 European Society of Cardiology Sudden Cardiac Death Risk Prediction Model in Hypertrophic Cardiomyopathy in a Reference Center in South America.","2016","The American journal of cardiology","include","0,95","AI-ECG;Structural-heart-disease;DTA-data","include","1","AI-ECG;Structural-heart-disease;DTA-data","agreement","none","include","no"
"reviewer_A_batch_02rows0251-0500.csv","227","rayyan-550686597","40286493","10.1016/j.compbiomed.2025.110200","Faster R-CNN approach for estimating global QRS duration in electrocardiograms with a limited quantity of annotated data.","2025","Computers in biology and medicine","include","0,95","AI-ECG;Structural-heart-disease;DTA-data","include","1","AI-ECG;Structural-heart-disease;DTA-data","agreement","none","include","no"
"reviewer_A_batch_02rows0251-0500.csv","228","rayyan-550686598","24798965","10.1093/europace/euu071","Electrocardiographic imaging-based recognition of possible induced bundle branch blocks during transcatheter aortic valve implantations.","2014","Europace : European pacing, arrhythmias, and cardiac electrophysiology : journal           of the working groups on cardiac pacing, arrhythmias, and cardiac cellular            electrophysiology of the European Society of Cardiology","include","0,95","AI-ECG;Structural-heart-disease;DTA-data","include","1","AI-ECG;Structural-heart-disease;DTA-data","agreement","none","include","no"
"reviewer_A_batch_02rows0251-0500.csv","229","rayyan-550686599","41525968","10.1016/j.hrthm.2026.01.014","External validation of an explainable electrocardiogram-only deep learning algorithm for the prediction of response after cardiac resynchronization therapy.","2026","Heart rhythm","include","0,95","AI-ECG;Structural-heart-disease;DTA-data","include","1","AI-ECG;Structural-heart-disease;DTA-data","agreement","none","include","no"
"reviewer_A_batch_02rows0251-0500.csv","231","rayyan-550686601","41614319","10.1161/JAHA.125.046558","Prognostic Value of Artificial Intelligence-Enabled Electrocardiography-Derived Diastolic Dysfunction Grading and Trajectory in Patients Undergoing Transcatheter Aortic Valve Replacement.","2026","Journal of the American Heart Association","include","0,95","AI-ECG;Structural-heart-disease;DTA-data","include","1","AI-ECG;Structural-heart-disease;DTA-data","agreement","none","include","no"
"reviewer_A_batch_02rows0251-0500.csv","234","rayyan-550686604","42030497","10.2196/83127","Deep Learning Model Using Transfer Learning for Detecting Left Ventricular Systolic Dysfunction: Retrospective Algorithm Development and Validation Study.","2026","JMIR medical informatics","include","0,95","AI-ECG;Structural-heart-disease;DTA-data","include","1","AI-ECG;Structural-heart-disease;DTA-data","agreement","none","include","no"
"reviewer_A_batch_02rows0251-0500.csv","235","rayyan-550686605","42061969","10.1088/1361-6579/ae6750","A teacher-student deep learning framework for enhanced clinical screening of heart failure from 12-lead electrocardiograms.","2026","Physiological measurement","include","0,95","AI-ECG;Structural-heart-disease;DTA-data","include","1","AI-ECG;Structural-heart-disease;DTA-data","agreement","none","include","no"
"reviewer_A_batch_02rows0251-0500.csv","239","rayyan-550686609","9238372","10.1016/s0022-0736(96)80004-5","Automatic learning of rules. A practical example of using artificial intelligence to improve computer-based detection of myocardial infarction and left ventricular hypertrophy in the 12-lead ECG.","1996","Journal of electrocardiology","include","0,95","AI-ECG;Structural-heart-disease;DTA-data","include","1","AI-ECG;Structural-heart-disease;DTA-data","agreement","none","include","no"
"reviewer_A_batch_02rows0251-0500.csv","250","rayyan-550686620","15489843","","[Prognostication of coronary atherosclerosis for selection of tactics of management of patients with ischemic heart disease].","2004","Kardiologiia","include","0,95","AI-ECG;Structural-heart-disease;DTA-data","include","1","AI-ECG;Structural-heart-disease;DTA-data","agreement","none","include","no"
"reviewer_A_batch_03rows0501-0750.csv","1","rayyan-550686621","37774529","10.1016/j.jelectrocard.2023.09.011","End-to-end risk prediction of atrial fibrillation from the 12-Lead ECG by deep neural networks.","2023","Journal of electrocardiology","include","0,95","AI-ECG;Structural-heart-disease;DTA-data","include","1","AI-ECG;Structural-heart-disease;DTA-data","agreement","none","include","no"
"reviewer_A_batch_03rows0501-0750.csv","2","rayyan-550686622","40745424","10.1007/s13246-025-01610-5","Automated analysis of ECG signals using nonlinearity and nonstationarity features fed into the MobilenetV2 CNN powered by transfer learning.","2025","Physical and engineering sciences in medicine","include","0,95","AI-ECG;Structural-heart-disease;DTA-data","include","1","AI-ECG;Structural-heart-disease;DTA-data","agreement","none","include","no"
"reviewer_A_batch_03rows0501-0750.csv","5","rayyan-550686625","33479367","10.1038/s41598-021-81374-6","Electrocardiogram lead selection for intelligent screening of patients with systolic heart failure.","2021","Scientific reports","include","0,95","AI-ECG;Structural-heart-disease;DTA-data","include","1","AI-ECG;Structural-heart-disease;DTA-data","agreement","none","include","no"
"reviewer_A_batch_03rows0501-0750.csv","6","rayyan-550686626","40597382","10.1186/s40001-025-02790-2","Development of an electrocardiographic prediction model for outflow tract idiopathic premature ventricular contraction with decreased left ventricular ejection fraction.","2025","European journal of medical research","include","0,95","AI-ECG;Structural-heart-disease;DTA-data","include","1","AI-ECG;Structural-heart-disease;DTA-data","agreement","none","include","no"
"reviewer_A_batch_03rows0501-0750.csv","19","rayyan-550686639","34315566","10.1016/j.amjcard.2021.06.021","Artificial Intelligence-Enabled Electrocardiography to Screen Patients with Dilated Cardiomyopathy.","2021","The American journal of cardiology","include","0,95","AI-ECG;Structural-heart-disease;DTA-data","include","1","AI-ECG;Structural-heart-disease;DTA-data","agreement","none","include","no"
"reviewer_A_batch_03rows0501-0750.csv","20","rayyan-550686640","1836510","","[The use of non-linear methods of statistical analysis in the differential electrocardiographic diagnosis of hypertrophic cardiomyopathy (data from precordial mapping)].","1991","Kardiologiia","include","0,95","AI-ECG;Structural-heart-disease;DTA-data","include","1","AI-ECG;Structural-heart-disease;DTA-data","agreement","none","include","no"
"reviewer_A_batch_03rows0501-0750.csv","22","rayyan-550686642","33993719","10.1161/CIRCEP.121.009871","Impact of ECG Characteristics on the Performance of an Artificial Intelligence Enabled ECG for Predicting Left Ventricular Dysfunction.","2021","Circulation. Arrhythmia and electrophysiology","include","0,95","AI-ECG;Structural-heart-disease;DTA-data","include","1","AI-ECG;Structural-heart-disease;DTA-data","agreement","none","include","no"
"reviewer_A_batch_03rows0501-0750.csv","25","rayyan-550686645","36537652","10.1093/ehjacc/zuac156","Artificial intelligence-augmented electrocardiography for left ventricular systolic dysfunction in patients undergoing high-sensitivity cardiac troponin T.","2023","European heart journal. Acute cardiovascular care","include","0,95","AI-ECG;Structural-heart-disease;DTA-data","include","1","AI-ECG;Structural-heart-disease;DTA-data","agreement","none","include","no"
"reviewer_A_batch_03rows0501-0750.csv","29","rayyan-550686649","41730522","10.1161/CIRCHEARTFAILURE.125.013927","Artificial Intelligence-Enabled ECG Analysis to Predict Incident Heart Failure.","2026","Circulation. Heart failure","include","0,95","AI-ECG;Structural-heart-disease;DTA-data","include","1","AI-ECG;Structural-heart-disease;DTA-data","agreement","none","include","no"
"reviewer_A_batch_03rows0501-0750.csv","32","rayyan-550686652","40280823","10.1016/j.ijcard.2025.133203","Heart failure monitoring with a single‑lead electrocardiogram at home.","2025","International journal of cardiology","include","0,95","AI-ECG;Structural-heart-disease;DTA-data","include","1","AI-ECG;Structural-heart-disease;DTA-data","agreement","none","include","no"
"reviewer_A_batch_03rows0501-0750.csv","38","rayyan-550686658","35306294","10.1016/j.jelectrocard.2022.03.001","Cardiac age detected by machine learning applied to the surface ECG of healthy subjects: Creation of a benchmark.","2022","Journal of electrocardiology","include","0,95","AI-ECG;Structural-heart-disease;DTA-data","include","1","AI-ECG;Structural-heart-disease;DTA-data","agreement","none","include","no"
"reviewer_A_batch_03rows0501-0750.csv","42","rayyan-550686662","38579941","10.1016/j.ijcard.2024.132019","Prediction of adverse cardiovascular events in children using artificial intelligence-based electrocardiogram.","2024","International journal of cardiology","include","0,95","AI-ECG;Structural-heart-disease;DTA-data","include","1","AI-ECG;Structural-heart-disease;DTA-data","agreement","none","include","no"
"reviewer_A_batch_03rows0501-0750.csv","43","rayyan-550686663","41233703","10.1007/s10554-025-03563-y","Use of artificial intelligence in the multimodal evaluation of ischemia in patients with hypertrophic cardiomyopathy.","2026","The international journal of cardiovascular imaging","include","0,95","AI-ECG;Structural-heart-disease;DTA-data","include","1","AI-ECG;Structural-heart-disease;DTA-data","agreement","none","include","no"
"reviewer_A_batch_03rows0501-0750.csv","44","rayyan-550686664","7884359","10.1016/s0022-0736(94)80090-1","Use of artificial neural networks within deterministic logic for the computer ECG diagnosis of inferior myocardial infarction.","1994","Journal of electrocardiology","include","0,95","AI-ECG;Structural-heart-disease;DTA-data","include","1","AI-ECG;Structural-heart-disease;DTA-data","agreement","none","include","no"
"reviewer_A_batch_03rows0501-0750.csv","48","rayyan-550686668","38112655","10.1093/ajh/hpad117","Do We Need New Electrocardiographic Criteria for Left Ventricular Hypertrophy? The Case of the Peguero-Lo Presti Criterion. A Narrative Review.","2024","American journal of hypertension","include","0,95","AI-ECG;Structural-heart-disease;DTA-data","include","1","AI-ECG;Structural-heart-disease;DTA-data","agreement","none","include","no"
"reviewer_A_batch_03rows0501-0750.csv","53","rayyan-550686673","38103769","10.1016/j.amjcard.2023.12.015","Meta-Analysis of the Performance of AI-Driven ECG Interpretation in the Diagnosis of Valvular Heart Diseases.","2024","The American journal of cardiology","include","0,95","AI-ECG;Structural-heart-disease;DTA-data","include","1","AI-ECG;Structural-heart-disease;DTA-data","agreement","none","include","no"
"reviewer_A_batch_03rows0501-0750.csv","54","rayyan-550686674","31623474","10.1080/14017431.2019.1678764","A speckle-tracking strain-based artificial neural network model to differentiate cardiomyopathy type.","2020","Scandinavian cardiovascular journal : SCJ","include","0,95","AI-ECG;Structural-heart-disease;DTA-data","include","1","AI-ECG;Structural-heart-disease;DTA-data","agreement","none","include","no"
"reviewer_A_batch_03rows0501-0750.csv","58","rayyan-550686678","28196196","10.1001/jamacardio.2016.5864","Identification of Transthyretin Cardiac Amyloidosis Using Serum Retinol-Binding Protein 4 and a Clinical Prediction Model.","2017","JAMA cardiology","include","0,95","AI-ECG;Structural-heart-disease;DTA-data","include","1","AI-ECG;Structural-heart-disease;DTA-data","agreement","none","include","no"
"reviewer_A_batch_03rows0501-0750.csv","59","rayyan-550686679","11738292","10.1016/s0735-1097(01)01667-9","Utility of current risk stratification tests for predicting major arrhythmic events after myocardial infarction.","2001","Journal of the American College of Cardiology","include","0,95","AI-ECG;Structural-heart-disease;DTA-data","include","1","AI-ECG;Structural-heart-disease;DTA-data","agreement","none","include","no"
"reviewer_A_batch_03rows0501-0750.csv","64","rayyan-550686684","36376461","10.1038/s41591-022-02053-1","Prospective evaluation of smartwatch-enabled detection of left ventricular dysfunction.","2022","Nature medicine","include","0,95","AI-ECG;Structural-heart-disease;DTA-data","include","1","AI-ECG;Structural-heart-disease;DTA-data","agreement","none","include","no"
"reviewer_A_batch_03rows0501-0750.csv","75","rayyan-550686695","33568066","10.1186/s12872-021-01864-3","Relationship between resting 12-lead electrocardiogram and all-cause death in patients without structural heart disease: Shinken Database analysis.","2021","BMC cardiovascular disorders","include","0,95","AI-ECG;Structural-heart-disease;DTA-data","include","1","AI-ECG;Structural-heart-disease;DTA-data","agreement","none","include","no"
"reviewer_A_batch_03rows0501-0750.csv","77","rayyan-550686697","30440855","10.1109/EMBC.2018.8512888","Congestive Heart Failure Detection Via Short-Time Electrocardiographic Monitoring For Fast Reference Advice In Urgent Medical Conditions.","2018","Annual International Conference of the IEEE Engineering in Medicine and Biology           Society. IEEE Engineering in Medicine and Biology Society. Annual International            Conference","include","0,95","AI-ECG;Structural-heart-disease;DTA-data","include","1","AI-ECG;Structural-heart-disease;DTA-data","agreement","none","include","no"
"reviewer_A_batch_03rows0501-0750.csv","82","rayyan-550686702","41977862","10.3390/s26072078","AI-Enabled Sensor Technologies for Remote Arrhythmic Monitoring in High-Risk Cardiomyopathy Genotypes.","2026","Sensors (Basel, Switzerland)","include","0,95","AI-ECG;Structural-heart-disease;DTA-data","include","1","AI-ECG;Structural-heart-disease;DTA-data","agreement","none","include","no"
"reviewer_A_batch_03rows0501-0750.csv","87","rayyan-550686707","28408651","10.1161/CIRCEP.117.004801","Disease Severity and Exercise Testing Reduce Subcutaneous Implantable Cardioverter-Defibrillator Left Sternal ECG Screening Success in Hypertrophic Cardiomyopathy.","2017","Circulation. Arrhythmia and electrophysiology","include","0,95","AI-ECG;Structural-heart-disease;DTA-data","include","1","AI-ECG;Structural-heart-disease;DTA-data","agreement","none","include","no"
"reviewer_A_batch_03rows0501-0750.csv","90","rayyan-550686710","24011993","10.1016/j.jelectrocard.2013.08.002","T-wave axis deviation and left ventricular hypertrophy interaction in diabetes and hypertension.","2013","Journal of electrocardiology","include","0,95","AI-ECG;Structural-heart-disease;DTA-data","include","1","AI-ECG;Structural-heart-disease;DTA-data","agreement","none","include","no"
"reviewer_A_batch_03rows0501-0750.csv","91","rayyan-550686711","37547171","10.5334/gh.1250","Identifying Obstructive Hypertrophic Cardiomyopathy from Nonobstructive Hypertrophic Cardiomyopathy: Development and Validation of a Model Based on Electrocardiogram Features.","2023","Global heart","include","0,95","AI-ECG;Structural-heart-disease;DTA-data","include","1","AI-ECG;Structural-heart-disease;DTA-data","agreement","none","include","no"
"reviewer_A_batch_03rows0501-0750.csv","93","rayyan-550686713","39307861","10.1007/s00259-024-06922-4","Multi-modality artificial intelligence-based transthyretin amyloid cardiomyopathy detection in patients with severe aortic stenosis.","2025","European journal of nuclear medicine and molecular imaging","include","0,95","AI-ECG;Structural-heart-disease;DTA-data","include","1","AI-ECG;Structural-heart-disease;DTA-data","agreement","none","include","no"
"reviewer_A_batch_03rows0501-0750.csv","94","rayyan-550686714","32096388","10.7507/1001-5515.201904028","[Detection of inferior myocardial infarction based on densely connected convolutional neural network].","2020","Sheng wu yi xue gong cheng xue za zhi = Journal of biomedical engineering =           Shengwu yixue gongchengxue zazhi","include","0,95","AI-ECG;Structural-heart-disease;DTA-data","include","1","AI-ECG;Structural-heart-disease;DTA-data","agreement","none","include","no"
"reviewer_A_batch_03rows0501-0750.csv","95","rayyan-550686715","23246596","10.1016/j.hrthm.2012.12.009","An electrocardiographic scoring system for distinguishing right ventricular outflow tract arrhythmias in patients with arrhythmogenic right ventricular cardiomyopathy from idiopathic ventricular tachycardia.","2013","Heart rhythm","include","0,95","AI-ECG;Structural-heart-disease;DTA-data","include","1","AI-ECG;Structural-heart-disease;DTA-data","agreement","none","include","no"
"reviewer_A_batch_03rows0501-0750.csv","97","rayyan-550686717","39306149","10.1016/j.cpcardiol.2024.102860","Artificial intelligence-enhanced electrocardiogram for the diagnosis of cardiac amyloidosis: A systemic review and meta-analysis.","2024","Current problems in cardiology","include","0,95","AI-ECG;Structural-heart-disease;DTA-data","include","1","AI-ECG;Structural-heart-disease;DTA-data","agreement","none","include","no"
"reviewer_A_batch_03rows0501-0750.csv","100","rayyan-550686720","29747948","10.1016/j.jcct.2018.04.003","Automated quantification of mitral valve geometry on multi-slice computed tomography in patients with dilated cardiomyopathy - Implications for transcatheter mitral valve replacement.","2018","Journal of cardiovascular computed tomography","include","0,95","AI-ECG;Structural-heart-disease;DTA-data","include","1","AI-ECG;Structural-heart-disease;DTA-data","agreement","none","include","no"
"reviewer_A_batch_03rows0501-0750.csv","101","rayyan-550686721","39017912","10.1007/s12265-024-10546-2","Prediction of Left Ventricle Pressure Indices Via a Machine Learning Approach Combining ECG, Pulse Oximetry, and Cardiac Sounds: a Preclinical Feasibility Study.","2024","Journal of cardiovascular translational research","include","0,95","AI-ECG;Structural-heart-disease;DTA-data","include","1","AI-ECG;Structural-heart-disease;DTA-data","agreement","none","include","no"
"reviewer_A_batch_03rows0501-0750.csv","102","rayyan-550686722","32538136","10.1161/CIRCEP.119.008210","Machine Learning of 12-Lead QRS Waveforms to Identify Cardiac Resynchronization Therapy Patients With Differential Outcomes.","2020","Circulation. Arrhythmia and electrophysiology","include","0,95","AI-ECG;Structural-heart-disease;DTA-data","include","1","AI-ECG;Structural-heart-disease;DTA-data","agreement","none","include","no"
"reviewer_A_batch_03rows0501-0750.csv","103","rayyan-550686723","16567288","10.1016/j.hrthm.2005.12.024","Differentiating arrhythmogenic right ventricular cardiomyopathy from right ventricular outflow tract ventricular tachycardia using multilead QRS duration and axis.","2006","Heart rhythm","include","0,95","AI-ECG;Structural-heart-disease;DTA-data","include","1","AI-ECG;Structural-heart-disease;DTA-data","agreement","none","include","no"
"reviewer_A_batch_03rows0501-0750.csv","105","rayyan-550686725","25480110","10.1007/s12350-014-0027-x","Prediction of revascularization after myocardial perfusion SPECT by machine learning in a large population.","2015","Journal of nuclear cardiology : official publication of the American Society of           Nuclear Cardiology","include","0,95","AI-ECG;Structural-heart-disease;DTA-data","include","1","AI-ECG;Structural-heart-disease;DTA-data","agreement","none","include","no"
"reviewer_A_batch_03rows0501-0750.csv","115","rayyan-550686735","32387064","10.1016/j.jchf.2020.01.012","A Machine Learning Approach to Management of Heart Failure Populations.","2020","JACC. Heart failure","include","0,95","AI-ECG;Structural-heart-disease;DTA-data","include","1","AI-ECG;Structural-heart-disease;DTA-data","agreement","none","include","no"
"reviewer_A_batch_03rows0501-0750.csv","116","rayyan-550686736","40669514","10.1093/eurheartj/ehaf448","Artificial intelligence-enhanced electrocardiography to predict regurgitant valvular heart diseases: an international study.","2025","European heart journal","include","0,95","AI-ECG;Structural-heart-disease;DTA-data","include","1","AI-ECG;Structural-heart-disease;DTA-data","agreement","none","include","no"
"reviewer_A_batch_03rows0501-0750.csv","117","rayyan-550686737","9238407","10.1016/s0022-0736(96)80070-7","Adjustment of ECG left ventricular hypertrophy criteria for body mass index and age improves classification accuracy. The effects of hypertension and obesity.","1996","Journal of electrocardiology","include","0,95","AI-ECG;Structural-heart-disease;DTA-data","include","1","AI-ECG;Structural-heart-disease;DTA-data","agreement","none","include","no"
"reviewer_A_batch_03rows0501-0750.csv","122","rayyan-550686742","29801924","10.1016/j.isatra.2018.05.003","Heart rate monitoring and therapeutic devices: A wavelet transform based approach for the modeling and classification of congestive heart failure.","2018","ISA transactions","include","0,95","AI-ECG;Structural-heart-disease;DTA-data","include","1","AI-ECG;Structural-heart-disease;DTA-data","agreement","none","include","no"
"reviewer_A_batch_03rows0501-0750.csv","128","rayyan-550686748","11499530","10.1109/10.936369","A novel method for beat-to-beat detection of ventricular late potentials.","2001","IEEE transactions on bio-medical engineering","include","0,95","AI-ECG;Structural-heart-disease;DTA-data","include","1","AI-ECG;Structural-heart-disease;DTA-data","agreement","none","include","no"
"reviewer_A_batch_03rows0501-0750.csv","132","rayyan-550686752","33153634","10.1016/j.mayocp.2020.09.020","Artificial Intelligence ECG to Detect Left Ventricular Dysfunction in COVID-19: A Case Series.","2020","Mayo Clinic proceedings","include","0,95","AI-ECG;Structural-heart-disease;DTA-data","include","1","AI-ECG;Structural-heart-disease;DTA-data","agreement","none","include","no"
"reviewer_A_batch_03rows0501-0750.csv","140","rayyan-550686760","31104177","10.1007/s10554-019-01545-5","Ventricular geometry-regularized QRSd predicts cardiac resynchronization therapy response: machine learning from crosstalk between electrocardiography and echocardiography.","2019","The international journal of cardiovascular imaging","include","0,95","AI-ECG;Structural-heart-disease;DTA-data","include","1","AI-ECG;Structural-heart-disease;DTA-data","agreement","none","include","no"
"reviewer_A_batch_03rows0501-0750.csv","148","rayyan-550686768","40040169","10.1109/EMBC53108.2024.10782966","Can Generative AI Learn Physiological Waveform Morphologies? A Study on Denoising Intracardiac Signals in Ischemic Cardiomyopathy.","2024","Annual International Conference of the IEEE Engineering in Medicine and Biology           Society. IEEE Engineering in Medicine and Biology Society. Annual International            Conference","include","0,95","AI-ECG;Structural-heart-disease;DTA-data","include","1","AI-ECG;Structural-heart-disease;DTA-data","agreement","none","include","no"
"reviewer_A_batch_03rows0501-0750.csv","151","rayyan-550686771","30581088","10.1016/j.carrev.2018.11.016","Takotsubo syndrome: State-of-the-art review by an expert panel - Part 2.","2019","Cardiovascular revascularization medicine : including molecular interventions","include","0,95","AI-ECG;Structural-heart-disease;DTA-data","include","1","AI-ECG;Structural-heart-disease;DTA-data","agreement","none","include","no"
"reviewer_A_batch_03rows0501-0750.csv","153","rayyan-550686773","25962934","10.1002/clc.22402","Electrocardiographic Versus Echocardiographic Left Ventricular Hypertrophy in Prediction of Congestive Heart Failure in the Elderly.","2015","Clinical cardiology","include","0,95","AI-ECG;Structural-heart-disease;DTA-data","include","1","AI-ECG;Structural-heart-disease;DTA-data","agreement","none","include","no"
"reviewer_A_batch_03rows0501-0750.csv","156","rayyan-550686776","20626225","10.33549/physiolres.932008","Logit and fuzzy models in data analysis: estimation of risk in cardiac patients.","2010","Physiological research","include","0,95","AI-ECG;Structural-heart-disease;DTA-data","include","1","AI-ECG;Structural-heart-disease;DTA-data","agreement","none","include","no"
"reviewer_A_batch_03rows0501-0750.csv","159","rayyan-550686779","28231511","10.1016/j.compbiomed.2017.01.019","Automated diagnosis of congestive heart failure using dual tree complex wavelet transform and statistical features extracted from 2s of ECG signals.","2017","Computers in biology and medicine","include","0,95","AI-ECG;Structural-heart-disease;DTA-data","include","1","AI-ECG;Structural-heart-disease;DTA-data","agreement","none","include","no"
"reviewer_A_batch_03rows0501-0750.csv","163","rayyan-550686783","41600309","10.3390/s26020513","Automated Detection of Normal, Atrial, and Ventricular Premature Beats from Single-Lead ECG Using Convolutional Neural Networks.","2026","Sensors (Basel, Switzerland)","include","0,95","AI-ECG;Structural-heart-disease;DTA-data","include","1","AI-ECG;Structural-heart-disease;DTA-data","agreement","none","include","no"
"reviewer_A_batch_03rows0501-0750.csv","164","rayyan-550686784","12878370","10.1016/s0895-7061(03)00912-9","Improved cardiovascular risk stratification by a simple ECG index in hypertension.","2003","American journal of hypertension","include","0,95","AI-ECG;Structural-heart-disease;DTA-data","include","1","AI-ECG;Structural-heart-disease;DTA-data","agreement","none","include","no"
"reviewer_A_batch_03rows0501-0750.csv","168","rayyan-550686788","32194027","10.1016/j.amjmed.2020.01.042","Determination of Sensitivity and Specificity of Electrocardiography for Left Ventricular Hypertrophy in a Large, Diverse Patient Population.","2020","The American journal of medicine","include","0,95","AI-ECG;Structural-heart-disease;DTA-data","include","1","AI-ECG;Structural-heart-disease;DTA-data","agreement","none","include","no"
"reviewer_A_batch_03rows0501-0750.csv","172","rayyan-550686792","35533093","10.1161/CIRCULATIONAHA.121.057869","rECHOmmend: An ECG-Based Machine Learning Approach for Identifying Patients at Increased Risk of Undiagnosed Structural Heart Disease Detectable by Echocardiography.","2022","Circulation","include","0,95","AI-ECG;Structural-heart-disease;DTA-data","include","1","AI-ECG;Structural-heart-disease;DTA-data","agreement","none","include","no"
"reviewer_A_batch_03rows0501-0750.csv","173","rayyan-550686793","33226549","10.1007/s10554-020-02083-1","Prediction of response to cardiac resynchronization therapy using a multi-feature learning method.","2021","The international journal of cardiovascular imaging","include","0,95","AI-ECG;Structural-heart-disease;DTA-data","include","1","AI-ECG;Structural-heart-disease;DTA-data","agreement","none","include","no"
"reviewer_A_batch_03rows0501-0750.csv","181","rayyan-550686801","40676621","10.1186/s13293-025-00727-2","Electrocardiographic sex index: a continuous representation of sex.","2025","Biology of sex differences","include","0,95","AI-ECG;Structural-heart-disease;DTA-data","include","1","AI-ECG;Structural-heart-disease;DTA-data","agreement","none","include","no"
"reviewer_A_batch_03rows0501-0750.csv","182","rayyan-550686802","25912974","10.1016/j.jelectrocard.2015.04.002","Automatic SVM classification of sudden cardiac death and pump failure death from autonomic and repolarization ECG markers.","2015","Journal of electrocardiology","include","0,95","AI-ECG;Structural-heart-disease;DTA-data","include","1","AI-ECG;Structural-heart-disease;DTA-data","agreement","none","include","no"
"reviewer_A_batch_03rows0501-0750.csv","186","rayyan-550686806","9238410","10.1016/s0022-0736(96)80073-2","Improved ECG models for left ventricular mass adjusted for body size, with specific algorithms for normal conduction, bundle branch blocks, and old myocardial infarction.","1996","Journal of electrocardiology","include","0,95","AI-ECG;Structural-heart-disease;DTA-data","include","1","AI-ECG;Structural-heart-disease;DTA-data","agreement","none","include","no"
"reviewer_A_batch_03rows0501-0750.csv","190","rayyan-550686810","38583090","10.1111/pace.14980","Successful prediction of left bundle branch block-induced cardiomyopathy and treatment effect by artificial intelligence-enabled electrocardiogram.","2024","Pacing and clinical electrophysiology : PACE","include","0,95","AI-ECG;Structural-heart-disease;DTA-data","include","1","AI-ECG;Structural-heart-disease;DTA-data","agreement","none","include","no"
"reviewer_A_batch_03rows0501-0750.csv","191","rayyan-550686811","8496537","10.1016/0735-1097(93)90387-g","Improved detection of echocardiographic left ventricular hypertrophy using a new electrocardiographic algorithm.","1993","Journal of the American College of Cardiology","include","0,95","AI-ECG;Structural-heart-disease;DTA-data","include","1","AI-ECG;Structural-heart-disease;DTA-data","agreement","none","include","no"
"reviewer_A_batch_03rows0501-0750.csv","197","rayyan-550686817","32354451","10.1016/j.hrthm.2020.01.016","Eligibility for subcutaneous implantable cardioverter-defibrillator in congenital heart disease.","2020","Heart rhythm","include","0,95","AI-ECG;Structural-heart-disease;DTA-data","include","1","AI-ECG;Structural-heart-disease;DTA-data","agreement","none","include","no"
"reviewer_A_batch_03rows0501-0750.csv","200","rayyan-550686820","36893506","10.1016/j.jelectrocard.2023.02.006","Validation of a multiple‑lead smartphone-based electrocardiograph with automated lead placement for layman use in patients with hypertrophic cardiomyopathy.","2023","Journal of electrocardiology","include","0,95","AI-ECG;Structural-heart-disease;DTA-data","include","1","AI-ECG;Structural-heart-disease;DTA-data","agreement","none","include","no"
"reviewer_A_batch_03rows0501-0750.csv","201","rayyan-550686821","12539107","10.1054/jelc.2002.37163","Improved electrocardiographic detection of left ventricular hypertrophy.","2002","Journal of electrocardiology","include","0,95","AI-ECG;Structural-heart-disease;DTA-data","include","1","AI-ECG;Structural-heart-disease;DTA-data","agreement","none","include","no"
"reviewer_A_batch_03rows0501-0750.csv","205","rayyan-550686825","26999566","10.4414/smw.2016.14285","Elevated high-sensitivity troponin T levels are associated with adverse cardiac remodelling and myocardial fibrosis in hypertrophic cardiomyopathy.","2016","Swiss medical weekly","include","0,95","AI-ECG;Structural-heart-disease;DTA-data","include","1","AI-ECG;Structural-heart-disease;DTA-data","agreement","none","include","no"
"reviewer_A_batch_03rows0501-0750.csv","208","rayyan-550686828","40157569","10.1016/j.ihj.2025.03.010","Comparative evaluation of machine learning models versus TIMI score in ST-segment-elevation myocardial infarction patients.","2025","Indian heart journal","include","0,95","AI-ECG;Structural-heart-disease;DTA-data","include","1","AI-ECG;Structural-heart-disease;DTA-data","agreement","none","include","no"
"reviewer_A_batch_03rows0501-0750.csv","212","rayyan-550686832","36344908","10.1007/s10741-022-10283-1","Artificial intelligence enabled ECG screening for left ventricular systolic dysfunction: a systematic review.","2023","Heart failure reviews","include","0,95","AI-ECG;Structural-heart-disease;DTA-data","include","1","AI-ECG;Structural-heart-disease;DTA-data","agreement","none","include","no"
"reviewer_A_batch_03rows0501-0750.csv","213","rayyan-550686833","39745684","10.1001/jamacardio.2024.4796","Artificial Intelligence-Enhanced Electrocardiography for Prediction of Incident Hypertension.","2025","JAMA cardiology","include","0,95","AI-ECG;Structural-heart-disease;DTA-data","include","1","AI-ECG;Structural-heart-disease;DTA-data","agreement","none","include","no"
"reviewer_A_batch_03rows0501-0750.csv","216","rayyan-550686836","29659657","10.1093/ajh/hpy055","Prognostic Value of Electrocardiographic Left Ventricular Hypertrophy on Cardiovascular Risk in a Non-Hypertensive Community-Based Population.","2018","American journal of hypertension","include","0,95","AI-ECG;Structural-heart-disease;DTA-data","include","1","AI-ECG;Structural-heart-disease;DTA-data","agreement","none","include","no"
"reviewer_A_batch_03rows0501-0750.csv","217","rayyan-550686837","16518654","10.1007/s00330-006-0169-6","Accurate estimation of global and regional cardiac function by retrospectively gated multidetector row computed tomography: comparison with cine magnetic resonance imaging.","2006","European radiology","include","0,95","AI-ECG;Structural-heart-disease;DTA-data","include","1","AI-ECG;Structural-heart-disease;DTA-data","agreement","none","include","no"
"reviewer_A_batch_03rows0501-0750.csv","221","rayyan-550686841","2533234","10.1016/s0022-0736(07)80116-6","Nonparametric comparison of entire ROC curves for computerized ECG left ventricular hypertrophy algorithms using data from the Framingham Heart Study.","1989","Journal of electrocardiology","include","0,95","AI-ECG;Structural-heart-disease;DTA-data","include","1","AI-ECG;Structural-heart-disease;DTA-data","agreement","none","include","no"
"reviewer_A_batch_03rows0501-0750.csv","222","rayyan-550686842","39353705","10.1136/openhrt-2024-002924","Use of artificial intelligence-powered ECG to differentiate between cardiac and pulmonary pathologies in patients with acute dyspnoea in the emergency department.","2024","Open heart","include","0,95","AI-ECG;Structural-heart-disease;DTA-data","include","1","AI-ECG;Structural-heart-disease;DTA-data","agreement","none","include","no"
"reviewer_A_batch_03rows0501-0750.csv","226","rayyan-550686846","17292383","10.1016/j.jelectrocard.2006.12.015","Optimizing the 12-lead electrocardiogram: a data driven approach to locating alternative recording sites.","2007","Journal of electrocardiology","include","0,95","AI-ECG;Structural-heart-disease;DTA-data","include","1","AI-ECG;Structural-heart-disease;DTA-data","agreement","none","include","no"
"reviewer_A_batch_03rows0501-0750.csv","227","rayyan-550686847","26405866","10.3233/BME-151406","A novel similarity comparison approach for dynamic ECG series.","2015","Bio-medical materials and engineering","include","0,95","AI-ECG;Structural-heart-disease;DTA-data","include","1","AI-ECG;Structural-heart-disease;DTA-data","agreement","none","include","no"
"reviewer_A_batch_03rows0501-0750.csv","228","rayyan-550686848","40864481","10.1714/4542.45427","[Artificial intelligence-enhanced ECG interpretation: a new era for electrocardiography?].","2025","Giornale italiano di cardiologia (2006)","include","0,95","AI-ECG;Structural-heart-disease;DTA-data","include","1","AI-ECG;Structural-heart-disease;DTA-data","agreement","none","include","no"
"reviewer_A_batch_03rows0501-0750.csv","235","rayyan-550686855","38503487","10.1136/heartjnl-2023-323474","Presence and utility of electrocardiographic abnormalities in long-term childhood cancer survivors.","2024","Heart (British Cardiac Society)","include","0,95","AI-ECG;Structural-heart-disease;DTA-data","include","1","AI-ECG;Structural-heart-disease;DTA-data","agreement","none","include","no"
"reviewer_A_batch_03rows0501-0750.csv","237","rayyan-550686857","37195444","10.1007/s00259-023-06259-4","A machine learning method integrating ECG and gated SPECT for cardiac resynchronization therapy decision support.","2023","European journal of nuclear medicine and molecular imaging","include","0,95","AI-ECG;Structural-heart-disease;DTA-data","include","1","AI-ECG;Structural-heart-disease;DTA-data","agreement","none","include","no"
"reviewer_A_batch_03rows0501-0750.csv","238","rayyan-550686858","35916132","10.1161/CIRCULATIONAHA.121.058696","Multinational Federated Learning Approach to Train ECG and Echocardiogram Models for Hypertrophic Cardiomyopathy Detection.","2022","Circulation","include","0,95","AI-ECG;Structural-heart-disease;DTA-data","include","1","AI-ECG;Structural-heart-disease;DTA-data","agreement","none","include","no"
"reviewer_A_batch_03rows0501-0750.csv","245","rayyan-550686865","27346569","10.1111/pace.12913","Electrocardiography Screening for Hypertrophic Cardiomyopathy.","2016","Pacing and clinical electrophysiology : PACE","include","0,95","AI-ECG;Structural-heart-disease;DTA-data","include","1","AI-ECG;Structural-heart-disease;DTA-data","agreement","none","include","no"
"reviewer_A_batch_03rows0501-0750.csv","246","rayyan-550686866","31601877","10.1038/s41598-019-51061-8","Phase Space Reconstruction Based CVD Classifier Using Localized Features.","2019","Scientific reports","include","0,95","AI-ECG;Structural-heart-disease;DTA-data","include","1","AI-ECG;Structural-heart-disease;DTA-data","agreement","none","include","no"
"reviewer_A_batch_04rows0751-1000.csv","1","rayyan-550686871","33433905","10.1111/pace.14163","Machine learning method for predicting pacemaker implantation following transcatheter aortic valve replacement.","2021","Pacing and clinical electrophysiology : PACE","include","0,95","AI-ECG;Structural-heart-disease;DTA-data","include","1","AI-ECG;Structural-heart-disease;DTA-data","agreement","none","include","no"
"reviewer_A_batch_04rows0751-1000.csv","3","rayyan-550686873","33607378","10.1016/j.compbiomed.2021.104262","Improving electrocardiogram-based detection of rare genetic heart disease using transfer learning: An application to phospholamban p.Arg14del mutation carriers.","2021","Computers in biology and medicine","include","0,95","AI-ECG;Structural-heart-disease;DTA-data","include","1","AI-ECG;Structural-heart-disease;DTA-data","agreement","none","include","no"
"reviewer_A_batch_04rows0751-1000.csv","4","rayyan-550686874","38514629","10.1038/s41467-024-45733-x","Artificial intelligence-enabled prediction of chemotherapy-induced cardiotoxicity from baseline electrocardiograms.","2024","Nature communications","include","0,95","AI-ECG;Structural-heart-disease;DTA-data","include","1","AI-ECG;Structural-heart-disease;DTA-data","agreement","none","include","no"
"reviewer_A_batch_04rows0751-1000.csv","7","rayyan-550686877","28193509","10.1016/j.hrthm.2017.02.011","Pilot study analyzing automated ECG screening of hypertrophic cardiomyopathy.","2017","Heart rhythm","include","0,95","AI-ECG;Structural-heart-disease;DTA-data","include","1","AI-ECG;Structural-heart-disease;DTA-data","agreement","none","include","no"
"reviewer_A_batch_04rows0751-1000.csv","16","rayyan-550686886","36482800","10.1002/ehf2.14263","Pragmatic screening for heart failure in the general population using an electrocardiogram-based neural network.","2023","ESC heart failure","include","0,95","AI-ECG;Structural-heart-disease;DTA-data","include","1","AI-ECG;Structural-heart-disease;DTA-data","agreement","none","include","no"
"reviewer_A_batch_04rows0751-1000.csv","19","rayyan-550686889","38703167","10.1016/j.jacep.2024.02.028","Rate of Change of Initial Intrinsicoid Deflection Predicts Endocardial Versus Epicardial Ventricular Tachycardia.","2024","JACC. Clinical electrophysiology","include","0,95","AI-ECG;Structural-heart-disease;DTA-data","include","1","AI-ECG;Structural-heart-disease;DTA-data","agreement","none","include","no"
"reviewer_A_batch_04rows0751-1000.csv","21","rayyan-550686891","35045172","10.1093/europace/euab322","Hybrid machine learning to localize atrial flutter substrates using the surface 12-lead electrocardiogram.","2022","Europace : European pacing, arrhythmias, and cardiac electrophysiology : journal           of the working groups on cardiac pacing, arrhythmias, and cardiac cellular            electrophysiology of the European Society of Cardiology","include","0,95","AI-ECG;Structural-heart-disease;DTA-data","include","1","AI-ECG;Structural-heart-disease;DTA-data","agreement","none","include","no"
"reviewer_A_batch_04rows0751-1000.csv","26","rayyan-550686896","17354878","10.1007/11866565_12","4D shape priors for a level set segmentation of the left myocardium in SPECT sequences.","2006","Medical image computing and computer-assisted intervention : MICCAI ...           International Conference on Medical Image Computing and Computer-Assisted            Intervention","include","0,95","AI-ECG;Structural-heart-disease;DTA-data","include","1","AI-ECG;Structural-heart-disease;DTA-data","agreement","none","include","no"
"reviewer_A_batch_04rows0751-1000.csv","28","rayyan-550686898","32750312","10.1161/JAHA.119.015992","Noninvasive Prediction of Elevated Wedge Pressure in Pulmonary Hypertension Patients Without Clear Signs of Left-Sided Heart Disease: External Validation of the OPTICS Risk Score.","2020","Journal of the American Heart Association","include","0,95","AI-ECG;Structural-heart-disease;DTA-data","include","1","AI-ECG;Structural-heart-disease;DTA-data","agreement","none","include","no"
"reviewer_A_batch_04rows0751-1000.csv","30","rayyan-550686900","39642697","10.1016/j.compbiomed.2024.109407","Design and validation of Withings ECG Software 2, a tiny neural network based algorithm for detection of atrial fibrillation.","2025","Computers in biology and medicine","include","0,95","AI-ECG;Structural-heart-disease;DTA-data","include","1","AI-ECG;Structural-heart-disease;DTA-data","agreement","none","include","no"
"reviewer_A_batch_04rows0751-1000.csv","34","rayyan-550686904","41482060","10.1016/j.ahj.2025.107337","Integrating AI-ECG and point-of-care cardiac ultrasound for screening structural heart disease: A proof-of-concept study.","2026","American heart journal","include","0,95","AI-ECG;Structural-heart-disease;DTA-data","include","1","AI-ECG;Structural-heart-disease;DTA-data","agreement","none","include","no"
"reviewer_A_batch_04rows0751-1000.csv","35","rayyan-550686905","41161917","10.1016/j.jcin.2025.08.031","Artificial Intelligence in Valvular Heart Disease: Innovations and Future Directions.","2025","JACC. Cardiovascular interventions","include","0,95","AI-ECG;Structural-heart-disease;DTA-data","include","1","AI-ECG;Structural-heart-disease;DTA-data","agreement","none","include","no"
"reviewer_A_batch_04rows0751-1000.csv","38","rayyan-550686908","36898911","10.1016/j.isatra.2023.02.028","Automatic classification of arrhythmias using multi-branch convolutional neural networks based on channel-based attention and bidirectional LSTM.","2023","ISA transactions","include","0,95","AI-ECG;Structural-heart-disease;DTA-data","include","1","AI-ECG;Structural-heart-disease;DTA-data","agreement","none","include","no"
"reviewer_A_batch_04rows0751-1000.csv","42","rayyan-550686912","34847202","10.1371/journal.pone.0260661","Optimizing ECG to detect echocardiographic left ventricular hypertrophy with computer-based ECG data and machine learning.","2021","PloS one","include","0,95","AI-ECG;Structural-heart-disease;DTA-data","include","1","AI-ECG;Structural-heart-disease;DTA-data","agreement","none","include","no"
"reviewer_A_batch_04rows0751-1000.csv","50","rayyan-550686920","40705383","10.1097/MCA.0000000000001555","AI-enhanced recognition of occlusions in acute coronary syndrome (AERO-ACS): a retrospective study.","2026","Coronary artery disease","include","0,95","AI-ECG;Structural-heart-disease;DTA-data","include","1","AI-ECG;Structural-heart-disease;DTA-data","agreement","none","include","no"
"reviewer_A_batch_04rows0751-1000.csv","51","rayyan-550686921","42047199","10.1161/JAHA.125.046989","Artificial Intelligence-Enabled ECG for Elevated E/e' on Echocardiography: Hemodynamic Relevance and Prognostic Value.","2026","Journal of the American Heart Association","include","0,95","AI-ECG;Structural-heart-disease;DTA-data","include","1","AI-ECG;Structural-heart-disease;DTA-data","agreement","none","include","no"
"reviewer_A_batch_04rows0751-1000.csv","56","rayyan-550686926","34770543","10.3390/s21217233","Atrial Fibrillation Classification with Smart Wearables Using Short-Term Heart Rate Variability and Deep Convolutional Neural Networks.","2021","Sensors (Basel, Switzerland)","include","0,95","AI-ECG;Structural-heart-disease;DTA-data","include","1","AI-ECG;Structural-heart-disease;DTA-data","agreement","none","include","no"
"reviewer_A_batch_04rows0751-1000.csv","78","rayyan-550686948","18433618","10.1016/j.jelectrocard.2008.02.009","Selection of optimal recording sites for limited lead body surface potential mapping in myocardial infarction and left ventricular hypertrophy.","2008","Journal of electrocardiology","include","0,95","AI-ECG;Structural-heart-disease;DTA-data","include","1","AI-ECG;Structural-heart-disease;DTA-data","agreement","none","include","no"
"reviewer_A_batch_04rows0751-1000.csv","84","rayyan-550686954","8146766","","[The differential diagnosis of the ECG changes in ischemic heart disease combined with arterial hypertension (the data from precordial mapping)].","1993","Terapevticheskii arkhiv","include","0,95","AI-ECG;Structural-heart-disease;DTA-data","include","1","AI-ECG;Structural-heart-disease;DTA-data","agreement","none","include","no"
"reviewer_A_batch_04rows0751-1000.csv","85","rayyan-550686955","41213043","10.1001/jamacardio.2025.4591","Detecting Transthyretin Cardiac Amyloidosis With Artificial Intelligence: A Nonrandomized Clinical Trial.","2026","JAMA cardiology","include","0,95","AI-ECG;Structural-heart-disease;DTA-data","include","1","AI-ECG;Structural-heart-disease;DTA-data","agreement","none","include","no"
"reviewer_A_batch_04rows0751-1000.csv","86","rayyan-550686956","41776266","10.1038/s41598-026-41824-5","Validation of AI-enhanced ECG image analysis for identifying extreme cardiac magnetic resonance metrics in a cross-ethnic UK biobank study.","2026","Scientific reports","include","0,95","AI-ECG;Structural-heart-disease;DTA-data","include","1","AI-ECG;Structural-heart-disease;DTA-data","agreement","none","include","no"
"reviewer_A_batch_04rows0751-1000.csv","91","rayyan-550686961","41545297","10.1136/openhrt-2025-003563","Severe aortic stenosis detection using seismocardiography.","2026","Open heart","include","0,95","AI-ECG;Structural-heart-disease;DTA-data","include","1","AI-ECG;Structural-heart-disease;DTA-data","agreement","none","include","no"
"reviewer_A_batch_04rows0751-1000.csv","94","rayyan-550686964","41034022","10.1536/ihj.25-199","Enhancing Chest Radiography Artificial Intelligence Model with Electrocardiogram for Improved Detection of Low Ejection Fraction.","2025","International heart journal","include","0,95","AI-ECG;Structural-heart-disease;DTA-data","include","1","AI-ECG;Structural-heart-disease;DTA-data","agreement","none","include","no"
"reviewer_A_batch_04rows0751-1000.csv","104","rayyan-550686976","26559548","10.1586/14779072.2016.1110486","How to approach the great mimic? Improving techniques for the diagnosis of myocarditis.","2016","Expert review of cardiovascular therapy","include","0,95","AI-ECG;Structural-heart-disease;DTA-data","include","1","AI-ECG;Structural-heart-disease;DTA-data","agreement","none","include","no"
"reviewer_A_batch_04rows0751-1000.csv","105","rayyan-550686977","35918202","10.1016/j.jelectrocard.2022.07.069","An automated detection of atrial fibrillation from single‑lead ECG using HRV features and machine learning.","2022","Journal of electrocardiology","include","0,95","AI-ECG;Structural-heart-disease;DTA-data","include","1","AI-ECG;Structural-heart-disease;DTA-data","agreement","none","include","no"
"reviewer_A_batch_04rows0751-1000.csv","107","rayyan-550686979","16894270","10.1111/j.1527-5299.2006.05769.x","Acoustic cardiographic parameters and their relationship to invasive hemodynamic measurements in patients with left ventricular systolic dysfunction.","2006","Congestive heart failure (Greenwich, Conn.)","include","0,95","AI-ECG;Structural-heart-disease;DTA-data","include","1","AI-ECG;Structural-heart-disease;DTA-data","agreement","none","include","no"
"reviewer_A_batch_04rows0751-1000.csv","112","rayyan-550686984","36317320","10.1088/1361-6579/ac9e8a","Multi-modal fusion model for predicting adverse cardiovascular outcome post percutaneous coronary intervention.","2022","Physiological measurement","include","0,95","AI-ECG;Structural-heart-disease;DTA-data","include","1","AI-ECG;Structural-heart-disease;DTA-data","agreement","none","include","no"
"reviewer_A_batch_04rows0751-1000.csv","118","rayyan-550686990","32509259","10.1155/2020/7526825","SS-SWT and SI-CNN: An Atrial Fibrillation Detection Framework for Time-Frequency ECG Signal.","2020","Journal of healthcare engineering","include","0,95","AI-ECG;Structural-heart-disease;DTA-data","include","1","AI-ECG;Structural-heart-disease;DTA-data","agreement","none","include","no"
"reviewer_A_batch_04rows0751-1000.csv","123","rayyan-550686995","9474348","10.1093/qjmed/90.11.677","Diagnosing left ventricular dysfunction after myocardial infarction: the Dundee algorithm.","1997","QJM : monthly journal of the Association of Physicians","include","0,95","AI-ECG;Structural-heart-disease;DTA-data","include","1","AI-ECG;Structural-heart-disease;DTA-data","agreement","none","include","no"
"reviewer_A_batch_04rows0751-1000.csv","131","rayyan-550687003","31506826","10.1007/s00415-019-09529-0","Interaction between the heart and the brain in transient global amnesia.","2019","Journal of neurology","include","0,95","AI-ECG;Structural-heart-disease;DTA-data","include","1","AI-ECG;Structural-heart-disease;DTA-data","agreement","none","include","no"
"reviewer_A_batch_04rows0751-1000.csv","135","rayyan-550687007","12450268","10.1088/0967-3334/23/4/307","Diagnostic value of the RR-variability indicators for mild hypertension.","2002","Physiological measurement","include","0,95","AI-ECG;Structural-heart-disease;DTA-data","include","1","AI-ECG;Structural-heart-disease;DTA-data","agreement","none","include","no"
"reviewer_A_batch_04rows0751-1000.csv","136","rayyan-550687008","36850868","10.3390/s23042270","A Low-Power Wireless System for Predicting Early Signs of Sudden Cardiac Arrest Incorporating an Optimized CNN Model Implemented on NVIDIA Jetson.","2023","Sensors (Basel, Switzerland)","include","0,95","AI-ECG;Structural-heart-disease;DTA-data","include","1","AI-ECG;Structural-heart-disease;DTA-data","agreement","none","include","no"
"reviewer_A_batch_04rows0751-1000.csv","153","rayyan-550687025","40660654","10.1016/j.neunet.2025.107835","Multimodal prediction of catheter ablation outcomes in patients with persistent atrial fibrillation.","2025","Neural networks : the official journal of the International Neural Network           Society","include","0,95","AI-ECG;Structural-heart-disease;DTA-data","include","1","AI-ECG;Structural-heart-disease;DTA-data","agreement","none","include","no"
"reviewer_A_batch_04rows0751-1000.csv","160","rayyan-550687032","41987410","10.1253/circj.CJ-25-0955","Optimizing Single-Lead Electrocardiogram Orientation Improves Detection of Left Ventricular Dysfunction.","2026","Circulation journal : official journal of the Japanese Circulation Society","include","0,95","AI-ECG;Structural-heart-disease;DTA-data","include","1","AI-ECG;Structural-heart-disease;DTA-data","agreement","none","include","no"
"reviewer_A_batch_04rows0751-1000.csv","162","rayyan-550687034","38850959","10.1016/j.compbiomed.2024.108627","Machine learning of ECG waveforms and cardiac magnetic resonance for response and survival after cardiac resynchronization therapy.","2024","Computers in biology and medicine","include","0,95","AI-ECG;Structural-heart-disease;DTA-data","include","1","AI-ECG;Structural-heart-disease;DTA-data","agreement","none","include","no"
"reviewer_A_batch_04rows0751-1000.csv","165","rayyan-550687037","27554222","10.1053/j.jvca.2016.05.036","Preoperative Electrocardiogram Score for Predicting New-Onset Postoperative Atrial Fibrillation in Patients Undergoing Cardiac Surgery.","2017","Journal of cardiothoracic and vascular anesthesia","include","0,95","AI-ECG;Structural-heart-disease;DTA-data","include","1","AI-ECG;Structural-heart-disease;DTA-data","agreement","none","include","no"
"reviewer_A_batch_04rows0751-1000.csv","168","rayyan-550687040","27208521","10.1016/j.cmpb.2016.03.020","Congestive heart failure detection using random forest classifier.","2016","Computer methods and programs in biomedicine","include","0,95","AI-ECG;Structural-heart-disease;DTA-data","include","1","AI-ECG;Structural-heart-disease;DTA-data","agreement","none","include","no"
"reviewer_A_batch_04rows0751-1000.csv","174","rayyan-550687046","39215684","10.1002/ehf2.15061","Predictors of mortality by an artificial intelligence enhanced electrocardiogram model for cardiac amyloidosis.","2025","ESC heart failure","include","0,95","AI-ECG;Structural-heart-disease;DTA-data","include","1","AI-ECG;Structural-heart-disease;DTA-data","agreement","none","include","no"
"reviewer_A_batch_04rows0751-1000.csv","175","rayyan-550687047","41135577","10.1088/1361-6579/ae178c","AI-based approach for heart failure readmission prediction using SCG, ECG, and GSR signals.","2025","Physiological measurement","include","0,95","AI-ECG;Structural-heart-disease;DTA-data","include","1","AI-ECG;Structural-heart-disease;DTA-data","agreement","none","include","no"
"reviewer_A_batch_04rows0751-1000.csv","178","rayyan-550687050","40840469","10.1088/2057-1976/adfdeb","Machine learning-based CAD detection using integrated ECG and PCG parameter features.","2025","Biomedical physics & engineering express","include","0,95","AI-ECG;Structural-heart-disease;DTA-data","include","1","AI-ECG;Structural-heart-disease;DTA-data","agreement","none","include","no"
"reviewer_A_batch_04rows0751-1000.csv","179","rayyan-550687051","34483077","10.1016/j.jvc.2021.07.003","Prediction of clinically important acquired cardiac disease without an echocardiogram in large breed dogs using a combination of clinical, radiographic and electrocardiographic variables.","2022","Journal of veterinary cardiology : the official journal of the European Society           of Veterinary Cardiology","include","0,95","AI-ECG;Structural-heart-disease;DTA-data","include","1","AI-ECG;Structural-heart-disease;DTA-data","agreement","none","include","no"
"reviewer_A_batch_04rows0751-1000.csv","185","rayyan-550687057","21185671","10.1016/j.ajem.2010.11.021","Left ventricular dysfunction screening in hypertensive patients with N-terminal pro-B-type natriuretic peptide and electrocardiogram.","2012","The American journal of emergency medicine","include","0,95","AI-ECG;Structural-heart-disease;DTA-data","include","1","AI-ECG;Structural-heart-disease;DTA-data","agreement","none","include","no"
"reviewer_A_batch_04rows0751-1000.csv","188","rayyan-550687060","38448993","10.1186/s12933-024-02141-1","Use of the energy waveform electrocardiogram to detect subclinical left ventricular dysfunction in patients with type 2 diabetes mellitus.","2024","Cardiovascular diabetology","include","0,95","AI-ECG;Structural-heart-disease;DTA-data","include","1","AI-ECG;Structural-heart-disease;DTA-data","agreement","none","include","no"
"reviewer_A_batch_04rows0751-1000.csv","206","rayyan-550687078","34892376","10.1109/EMBC46164.2021.9629519","Classification of ischemic and dilated cardiomyopathy patients based on the analysis of the pulse transit time.","2021","Annual International Conference of the IEEE Engineering in Medicine and Biology           Society. IEEE Engineering in Medicine and Biology Society. Annual International            Conference","include","0,95","AI-ECG;Structural-heart-disease;DTA-data","include","1","AI-ECG;Structural-heart-disease;DTA-data","agreement","none","include","no"
"reviewer_A_batch_04rows0751-1000.csv","212","rayyan-550687084","15682366","10.1016/j.nuclcard.2004.09.015","New hybrid count- and geometry-based method for quantification of left ventricular volumes and ejection fraction from ECG-gated SPECT: methodology and validation.","2005","Journal of nuclear cardiology : official publication of the American Society of           Nuclear Cardiology","include","0,95","AI-ECG;Structural-heart-disease;DTA-data","include","1","AI-ECG;Structural-heart-disease;DTA-data","agreement","none","include","no"
"reviewer_A_batch_04rows0751-1000.csv","214","rayyan-550687086","26962019","10.1016/j.jelectrocard.2016.02.012","Pre-hospital electrocardiographic severity and acuteness scores predict left ventricular function in patients with ST elevation myocardial infarction.","2016","Journal of electrocardiology","include","0,95","AI-ECG;Structural-heart-disease;DTA-data","include","1","AI-ECG;Structural-heart-disease;DTA-data","agreement","none","include","no"
"reviewer_A_batch_04rows0751-1000.csv","215","rayyan-550687087","34450743","10.3390/s21165302","Automatic Detection of Short-Term Atrial Fibrillation Segments Based on Frequency Slice Wavelet Transform and Machine Learning Techniques.","2021","Sensors (Basel, Switzerland)","include","0,95","AI-ECG;Structural-heart-disease;DTA-data","include","1","AI-ECG;Structural-heart-disease;DTA-data","agreement","none","include","no"
"reviewer_A_batch_04rows0751-1000.csv","218","rayyan-550687090","38610459","10.3390/s24072248","Non-Invasive Heart Failure Evaluation Using Machine Learning Algorithms.","2024","Sensors (Basel, Switzerland)","include","0,95","AI-ECG;Structural-heart-disease;DTA-data","include","1","AI-ECG;Structural-heart-disease;DTA-data","agreement","none","include","no"
"reviewer_A_batch_04rows0751-1000.csv","231","rayyan-550687103","33845593","10.1161/CIRCULATIONAHA.120.053134","Development and Validation of Machine Learning-Based Race-Specific Models to Predict 10-Year Risk of Heart Failure: A Multicohort Analysis.","2021","Circulation","include","0,95","AI-ECG;Structural-heart-disease;DTA-data","include","1","AI-ECG;Structural-heart-disease;DTA-data","agreement","none","include","no"
"reviewer_A_batch_04rows0751-1000.csv","234","rayyan-550687106","27046844","10.1109/TBME.2016.2539421","High-Performance Personalized Heartbeat Classification Model for Long-Term ECG Signal.","2017","IEEE transactions on bio-medical engineering","include","0,95","AI-ECG;Structural-heart-disease;DTA-data","include","1","AI-ECG;Structural-heart-disease;DTA-data","agreement","none","include","no"
"reviewer_A_batch_04rows0751-1000.csv","235","rayyan-550687107","40257890","10.1109/JBHI.2025.3562778","Poincare Image Analysis of Short-Term Electrocardiogram for Detecting Atrial Fibrillation.","2025","IEEE journal of biomedical and health informatics","include","0,95","AI-ECG;Structural-heart-disease;DTA-data","include","1","AI-ECG;Structural-heart-disease;DTA-data","agreement","none","include","no"
"reviewer_A_batch_04rows0751-1000.csv","243","rayyan-550687115","39909205","10.1016/j.cpcardiol.2025.103004","Diagnostic accuracy of artificial-intelligence-based electrocardiogram algorithm to estimate heart failure with reduced ejection fraction: A systematic review and meta-analysis.","2025","Current problems in cardiology","include","0,95","AI-ECG;Structural-heart-disease;DTA-data","include","1","AI-ECG;Structural-heart-disease;DTA-data","agreement","none","include","no"
"reviewer_A_batch_04rows0751-1000.csv","245","rayyan-550687117","22886550","10.1007/s10840-012-9709-y","Sinus rhythm electrocardiogram identification of basal-lateral ischemic versus nonischemic substrate in patients with ventricular tachycardia.","2012","Journal of interventional cardiac electrophysiology : an international journal of           arrhythmias and pacing","include","0,95","AI-ECG;Structural-heart-disease;DTA-data","include","1","AI-ECG;Structural-heart-disease;DTA-data","agreement","none","include","no"
"reviewer_A_batch_04rows0751-1000.csv","247","rayyan-550687119","17912523","10.1007/s00259-007-0603-2","Determinants of the response of left ventricular ejection fraction to vasodilator stress in electrocardiographically gated (82)rubidium myocardial perfusion PET.","2008","European journal of nuclear medicine and molecular imaging","include","0,95","AI-ECG;Structural-heart-disease;DTA-data","include","1","AI-ECG;Structural-heart-disease;DTA-data","agreement","none","include","no"
"reviewer_A_batch_05rows1001-1250.csv","5","rayyan-550687127","29852956","10.1016/j.cmpb.2018.04.018","Automated characterization of cardiovascular diseases using relative wavelet nonlinear features extracted from ECG signals.","2018","Computer methods and programs in biomedicine","include","0,95","AI-ECG;Structural-heart-disease;DTA-data","include","1","AI-ECG;Structural-heart-disease;DTA-data","agreement","none","include","no"
"reviewer_A_batch_05rows1001-1250.csv","7","rayyan-550687129","33443957","10.1097/HCO.0000000000000833","Machine learning: at the heart of failure diagnosis.","2021","Current opinion in cardiology","include","0,95","AI-ECG;Structural-heart-disease;DTA-data","include","1","AI-ECG;Structural-heart-disease;DTA-data","agreement","none","include","no"
"reviewer_A_batch_05rows1001-1250.csv","10","rayyan-550687132","26924618","10.1111/jce.12967","A New Combined Parameter to Predict Premature Ventricular Complexes Induced Cardiomyopathy: Impact and Recognition of Epicardial Origin.","2016","Journal of cardiovascular electrophysiology","include","0,95","AI-ECG;Structural-heart-disease;DTA-data","include","1","AI-ECG;Structural-heart-disease;DTA-data","agreement","none","include","no"
"reviewer_A_batch_05rows1001-1250.csv","12","rayyan-550687134","25925230","10.1161/CIRCEP.114.002619","Differentiation of papillary muscle from fascicular and mitral annular ventricular arrhythmias in patients with and without structural heart disease.","2015","Circulation. Arrhythmia and electrophysiology","include","0,95","AI-ECG;Structural-heart-disease;DTA-data","include","1","AI-ECG;Structural-heart-disease;DTA-data","agreement","none","include","no"
"reviewer_A_batch_05rows1001-1250.csv","16","rayyan-550687138","37489538","10.1161/CIRCULATIONAHA.122.062646","Detection of Left Ventricular Systolic Dysfunction From Electrocardiographic Images.","2023","Circulation","include","0,95","AI-ECG;Structural-heart-disease;DTA-data","include","1","AI-ECG;Structural-heart-disease;DTA-data","agreement","none","include","no"
"reviewer_A_batch_05rows1001-1250.csv","18","rayyan-550687140","34784378","10.1371/journal.pone.0259916","Atrial fibrillation detection in outpatient electrocardiogram monitoring: An algorithmic crowdsourcing approach.","2021","PloS one","include","0,95","AI-ECG;Structural-heart-disease;DTA-data","include","1","AI-ECG;Structural-heart-disease;DTA-data","agreement","none","include","no"
"reviewer_A_batch_05rows1001-1250.csv","25","rayyan-550687147","19084286","10.1016/j.cmpb.2008.10.012","Adaptive neuro-fuzzy inference system for classification of ECG signals using Lyapunov exponents.","2009","Computer methods and programs in biomedicine","include","0,95","AI-ECG;Structural-heart-disease;DTA-data","include","1","AI-ECG;Structural-heart-disease;DTA-data","agreement","none","include","no"
"reviewer_A_batch_05rows1001-1250.csv","27","rayyan-550687149","38079535","10.1093/europace/euad354","Single-lead electrocardiogram Artificial Intelligence model with risk factors detects atrial fibrillation during sinus rhythm.","2024","Europace : European pacing, arrhythmias, and cardiac electrophysiology : journal           of the working groups on cardiac pacing, arrhythmias, and cardiac cellular            electrophysiology of the European Society of Cardiology","include","0,95","AI-ECG;Structural-heart-disease;DTA-data","include","1","AI-ECG;Structural-heart-disease;DTA-data","agreement","none","include","no"
"reviewer_A_batch_05rows1001-1250.csv","36","rayyan-550687158","22944088","10.1016/j.jtcvs.2012.07.099","Increased plasma homocysteine predicts arrhythmia recurrence after minimally invasive epicardial ablation for nonvalvular atrial fibrillation.","2013","The Journal of thoracic and cardiovascular surgery","include","0,95","AI-ECG;Structural-heart-disease;DTA-data","include","1","AI-ECG;Structural-heart-disease;DTA-data","agreement","none","include","no"
"reviewer_A_batch_05rows1001-1250.csv","39","rayyan-550687161","26589624","10.1093/europace/euv360","The value of the 12-lead electrocardiogram in localizing the scar in non-ischaemic cardiomyopathy.","2016","Europace : European pacing, arrhythmias, and cardiac electrophysiology : journal           of the working groups on cardiac pacing, arrhythmias, and cardiac cellular            electrophysiology of the European Society of Cardiology","include","0,95","AI-ECG;Structural-heart-disease;DTA-data","include","1","AI-ECG;Structural-heart-disease;DTA-data","agreement","none","include","no"
"reviewer_A_batch_05rows1001-1250.csv","56","rayyan-550687178","21096342","10.1109/IEMBS.2010.5626720","State classification of heart rate variability by an artificial neural network in frequency domain.","2010","Annual International Conference of the IEEE Engineering in Medicine and Biology           Society. IEEE Engineering in Medicine and Biology Society. Annual International            Conference","include","0,95","AI-ECG;Structural-heart-disease;DTA-data","include","1","AI-ECG;Structural-heart-disease;DTA-data","agreement","none","include","no"
"reviewer_A_batch_05rows1001-1250.csv","57","rayyan-550687179","11701938","10.1159/000047383","Prediction of reversible myocardial dysfunction by positron emission tomography, low-dose dobutamine echocardiography, resting ECG, and exercise testing.","2001","Cardiology","include","0,95","AI-ECG;Structural-heart-disease;DTA-data","include","1","AI-ECG;Structural-heart-disease;DTA-data","agreement","none","include","no"
"reviewer_A_batch_05rows1001-1250.csv","58","rayyan-550687180","41493294","10.1016/j.jacc.2025.10.065","Predicting Heart Failure From 12-Lead ECGs Using AI: A HeartShare/AMP-HF Pooled Cohort Analysis.","2026","Journal of the American College of Cardiology","include","0,95","AI-ECG;Structural-heart-disease;DTA-data","include","1","AI-ECG;Structural-heart-disease;DTA-data","agreement","none","include","no"
"reviewer_A_batch_05rows1001-1250.csv","62","rayyan-550687184","38557657","10.1097/TP.0000000000005023","Electrocardiography-based Artificial Intelligence Algorithms Aid in Prediction of Long-term Mortality After Kidney Transplantation.","2024","Transplantation","include","0,95","AI-ECG;Structural-heart-disease;DTA-data","include","1","AI-ECG;Structural-heart-disease;DTA-data","agreement","none","include","no"
"reviewer_A_batch_05rows1001-1250.csv","66","rayyan-550687188","35398808","10.1016/j.compbiomed.2022.105425","Reduced features set neural network approach based on high-resolution time-frequency images for cardiac abnormality detection.","2022","Computers in biology and medicine","include","0,95","AI-ECG;Structural-heart-disease;DTA-data","include","1","AI-ECG;Structural-heart-disease;DTA-data","agreement","none","include","no"
"reviewer_A_batch_05rows1001-1250.csv","70","rayyan-550687192","2151041","10.1016/0022-0736(90)90088-j","Bootstrap comparison of fuzzy ROC curves for ECG-LVH algorithms using data from the Framingham Heart Study.","1990","Journal of electrocardiology","include","0,95","AI-ECG;Structural-heart-disease;DTA-data","include","1","AI-ECG;Structural-heart-disease;DTA-data","agreement","none","include","no"
"reviewer_A_batch_05rows1001-1250.csv","73","rayyan-550687195","16714188","10.1016/S0140-6736(06)68735-7","Deceleration capacity of heart rate as a predictor of mortality after myocardial infarction: cohort study.","2006","Lancet (London, England)","include","0,95","AI-ECG;Structural-heart-disease;DTA-data","include","1","AI-ECG;Structural-heart-disease;DTA-data","agreement","none","include","no"
"reviewer_A_batch_05rows1001-1250.csv","81","rayyan-550687203","41213119","10.2196/78075","Photoplethysmography-Based Machine Learning Approaches for Atrial Fibrillation Burden: Algorithm Development and Validation.","2025","JMIR cardio","include","0,95","AI-ECG;Structural-heart-disease;DTA-data","include","1","AI-ECG;Structural-heart-disease;DTA-data","agreement","none","include","no"
"reviewer_A_batch_05rows1001-1250.csv","93","rayyan-550687215","31087265","10.1007/s12350-019-01739-3","Left ventricular end-systolic contractile entropy can predict cardiac prognosis in patients with complete left bundle branch block.","2021","Journal of nuclear cardiology : official publication of the American Society of           Nuclear Cardiology","include","0,95","AI-ECG;Structural-heart-disease;DTA-data","include","1","AI-ECG;Structural-heart-disease;DTA-data","agreement","none","include","no"
"reviewer_A_batch_05rows1001-1250.csv","102","rayyan-550687224","27770718","10.1016/j.media.2016.10.002","A framework for combining a motion atlas with non-motion information to learn clinically useful biomarkers: Application to cardiac resynchronisation therapy response prediction.","2017","Medical image analysis","include","0,95","AI-ECG;Structural-heart-disease;DTA-data","include","1","AI-ECG;Structural-heart-disease;DTA-data","agreement","none","include","no"
"reviewer_A_batch_05rows1001-1250.csv","108","rayyan-550687230","41151242","10.1016/j.jelectrocard.2025.154126","An integrated fractional stockwell transform with atrous convolutions aided vision transformer based capsule network for fetal ECG arrhythmia detection.","2025","Journal of electrocardiology","include","0,95","AI-ECG;Structural-heart-disease;DTA-data","include","1","AI-ECG;Structural-heart-disease;DTA-data","agreement","none","include","no"
"reviewer_A_batch_05rows1001-1250.csv","127","rayyan-550687249","40660574","10.1097/MD.0000000000043236","Sema4D combined with electrocardiographic parameters for predicting STEMI prognosis: Development and validation of a nomogram model.","2025","Medicine","include","0,95","AI-ECG;Structural-heart-disease;DTA-data","include","1","AI-ECG;Structural-heart-disease;DTA-data","agreement","none","include","no"
"reviewer_A_batch_05rows1001-1250.csv","128","rayyan-550687250","38163477","10.1016/j.cjca.2023.12.025","Comparing Artificial Intelligence-Enabled Electrocardiogram Models in Identifying Left Atrium Enlargement and Long-term Cardiovascular Risk.","2024","The Canadian journal of cardiology","include","0,95","AI-ECG;Structural-heart-disease;DTA-data","include","1","AI-ECG;Structural-heart-disease;DTA-data","agreement","none","include","no"
"reviewer_A_batch_05rows1001-1250.csv","133","rayyan-550687255","34008412","10.2217/fca-2020-0225","Multiomics, virtual reality and artificial intelligence in heart failure.","2021","Future cardiology","include","0,95","AI-ECG;Structural-heart-disease;DTA-data","include","1","AI-ECG;Structural-heart-disease;DTA-data","agreement","none","include","no"
"reviewer_A_batch_05rows1001-1250.csv","136","rayyan-550687258","38082861","10.1109/EMBC40787.2023.10339988","A Semi-supervised Algorithm for Atrial Fibrillation Attack Prediction Using Convolution Auto-encoder of Time Series Signal.","2023","Annual International Conference of the IEEE Engineering in Medicine and Biology           Society. IEEE Engineering in Medicine and Biology Society. Annual International            Conference","include","0,95","AI-ECG;Structural-heart-disease;DTA-data","include","1","AI-ECG;Structural-heart-disease;DTA-data","agreement","none","include","no"
"reviewer_A_batch_05rows1001-1250.csv","140","rayyan-550687262","23367107","10.1109/EMBC.2012.6347172","A ventricular activity cancellation algorithm based on event synchronous adaptive filter for single-lead electrocardiograms.","2012","Annual International Conference of the IEEE Engineering in Medicine and Biology           Society. IEEE Engineering in Medicine and Biology Society. Annual International            Conference","include","0,95","AI-ECG;Structural-heart-disease;DTA-data","include","1","AI-ECG;Structural-heart-disease;DTA-data","agreement","none","include","no"
"reviewer_A_batch_05rows1001-1250.csv","141","rayyan-550687263","34716183","10.1136/heartjnl-2021-319846","Machine learning-derived electrocardiographic algorithm for the detection of cardiac amyloidosis.","2022","Heart (British Cardiac Society)","include","0,95","AI-ECG;Structural-heart-disease;DTA-data","include","1","AI-ECG;Structural-heart-disease;DTA-data","agreement","none","include","no"
"reviewer_A_batch_05rows1001-1250.csv","143","rayyan-550687265","37712675","10.1093/europace/euad271","Optimizing patient selection for primary prevention implantable cardioverter-defibrillator implantation: utilizing multimodal machine learning to assess risk of implantable cardioverter-defibrillator non-benefit.","2023","Europace : European pacing, arrhythmias, and cardiac electrophysiology : journal           of the working groups on cardiac pacing, arrhythmias, and cardiac cellular            electrophysiology of the European Society of Cardiology","include","0,95","AI-ECG;Structural-heart-disease;DTA-data","include","1","AI-ECG;Structural-heart-disease;DTA-data","agreement","none","include","no"
"reviewer_A_batch_05rows1001-1250.csv","144","rayyan-550687266","28269227","10.1109/EMBC.2016.7591672","Evaluation of periodic breathing in respiratory flow signal of elderly patients using SVM and linear discriminant analysis.","2016","Annual International Conference of the IEEE Engineering in Medicine and Biology           Society. IEEE Engineering in Medicine and Biology Society. Annual International            Conference","include","0,95","AI-ECG;Structural-heart-disease;DTA-data","include","1","AI-ECG;Structural-heart-disease;DTA-data","agreement","none","include","no"
"reviewer_A_batch_05rows1001-1250.csv","163","rayyan-550687285","18598955","10.1016/j.hrthm.2008.04.003","Intracardiac alternans compared to surface T-wave alternans as a predictor of ventricular arrhythmias in humans.","2008","Heart rhythm","include","0,95","AI-ECG;Structural-heart-disease;DTA-data","include","1","AI-ECG;Structural-heart-disease;DTA-data","agreement","none","include","no"
"reviewer_A_batch_05rows1001-1250.csv","164","rayyan-550687286","19327615","10.1016/j.ejim.2008.07.006","Utility of QRS width and echocardiography parameters in an integrative algorithm for selecting heart failure patients with cardiac dyssynchrony.","2009","European journal of internal medicine","include","0,95","AI-ECG;Structural-heart-disease;DTA-data","include","1","AI-ECG;Structural-heart-disease;DTA-data","agreement","none","include","no"
"reviewer_A_batch_05rows1001-1250.csv","171","rayyan-550687293","22464769","10.1016/j.cardfail.2012.01.009","Design and performance of a multisensor heart failure monitoring algorithm: results from the multisensor monitoring in congestive heart failure (MUSIC) study.","2012","Journal of cardiac failure","include","0,95","AI-ECG;Structural-heart-disease;DTA-data","include","1","AI-ECG;Structural-heart-disease;DTA-data","agreement","none","include","no"
"reviewer_A_batch_05rows1001-1250.csv","174","rayyan-550687296","11276041","10.1002/sim.748","Important ECG diagnosis-aiding indices of ventricular septal defect children with or without congestive heart failure.","2001","Statistics in medicine","include","0,95","AI-ECG;Structural-heart-disease;DTA-data","include","1","AI-ECG;Structural-heart-disease;DTA-data","agreement","none","include","no"
"reviewer_A_batch_05rows1001-1250.csv","177","rayyan-550687299","33909450","10.1200/CCI.20.00176","Artificial Intelligence-Assisted Prediction of Late-Onset Cardiomyopathy Among Childhood Cancer Survivors.","2021","JCO clinical cancer informatics","include","0,95","AI-ECG;Structural-heart-disease;DTA-data","include","1","AI-ECG;Structural-heart-disease;DTA-data","agreement","none","include","no"
"reviewer_A_batch_05rows1001-1250.csv","178","rayyan-550687300","28328498","10.1109/TBME.2017.2684244","A Framework for Patient State Tracking by Classifying Multiscalar Physiologic Waveform Features.","2017","IEEE transactions on bio-medical engineering","include","0,95","AI-ECG;Structural-heart-disease;DTA-data","include","1","AI-ECG;Structural-heart-disease;DTA-data","agreement","none","include","no"
"reviewer_A_batch_05rows1001-1250.csv","179","rayyan-550687301","25754584","10.1016/j.jelectrocard.2015.01.015","Measurements of electrical and mechanical dyssynchrony are both essential to improve prediction of CRT response.","2015","Journal of electrocardiology","include","0,95","AI-ECG;Structural-heart-disease;DTA-data","include","1","AI-ECG;Structural-heart-disease;DTA-data","agreement","none","include","no"
"reviewer_A_batch_05rows1001-1250.csv","182","rayyan-550687304","11258110","10.1007/pl00002007","[A new dual-chamber defibrillation system: duration, frequency and circadian variation of recurrent supraventricular tachyarrhythmias].","2001","Herz","include","0,95","AI-ECG;Structural-heart-disease;DTA-data","include","1","AI-ECG;Structural-heart-disease;DTA-data","agreement","none","include","no"
"reviewer_A_batch_05rows1001-1250.csv","183","rayyan-550687305","15968011","10.7326/0003-4819-142-12_part_1-200506210-00006","An electrocardiogram-based algorithm to detect loss of left ventricular capture during cardiac resynchronization therapy.","2005","Annals of internal medicine","include","0,95","AI-ECG;Structural-heart-disease;DTA-data","include","1","AI-ECG;Structural-heart-disease;DTA-data","agreement","none","include","no"
"reviewer_A_batch_05rows1001-1250.csv","185","rayyan-550687307","21496162","10.1111/j.1542-474X.2011.00421.x","Effects of postectopic heart rate turbulence on measures of heart rate variability in patients after an acute myocardial infarction.","2011","Annals of noninvasive electrocardiology : the official journal of the           International Society for Holter and Noninvasive Electrocardiology, Inc","include","0,95","AI-ECG;Structural-heart-disease;DTA-data","include","1","AI-ECG;Structural-heart-disease;DTA-data","agreement","none","include","no"
"reviewer_A_batch_05rows1001-1250.csv","192","rayyan-550687314","11577836","","Noninvasive prediction of sudden death and sustained ventricular tachycardia after acute myocardial infarction using a neural network algorithm.","2001","Italian heart journal : official journal of the Italian Federation of Cardiology","include","0,95","AI-ECG;Structural-heart-disease;DTA-data","include","1","AI-ECG;Structural-heart-disease;DTA-data","agreement","none","include","no"
"reviewer_A_batch_05rows1001-1250.csv","198","rayyan-550687320","36696813","10.1016/j.compbiomed.2023.106547","Detecting heart failure using novel bio-signals and a knowledge enhanced neural network.","2023","Computers in biology and medicine","include","0,95","AI-ECG;Structural-heart-disease;DTA-data","include","1","AI-ECG;Structural-heart-disease;DTA-data","agreement","none","include","no"
"reviewer_A_batch_05rows1001-1250.csv","199","rayyan-550687321","25263779","10.1053/j.jvca.2014.04.034","P-wave characteristics on routine preoperative electrocardiogram improve prediction of new-onset postoperative atrial fibrillation in cardiac surgery.","2014","Journal of cardiothoracic and vascular anesthesia","include","0,95","AI-ECG;Structural-heart-disease;DTA-data","include","1","AI-ECG;Structural-heart-disease;DTA-data","agreement","none","include","no"
"reviewer_A_batch_05rows1001-1250.csv","200","rayyan-550687322","36413698","10.24875/ACM.21000304","Diagnostic utility of 31 ECG criteria for predicting echocardiographic left ventricular geometry.","2022","Archivos de cardiologia de Mexico","include","0,95","AI-ECG;Structural-heart-disease;DTA-data","include","1","AI-ECG;Structural-heart-disease;DTA-data","agreement","none","include","no"
"reviewer_A_batch_05rows1001-1250.csv","204","rayyan-550687326","17118392","10.1016/j.jelectrocard.2006.10.002","The value of different electrocardiographic depolarization criteria in the diagnosis of arrhythmogenic right ventricular dysplasia/cardiomyopathy.","2007","Journal of electrocardiology","include","0,95","AI-ECG;Structural-heart-disease;DTA-data","include","1","AI-ECG;Structural-heart-disease;DTA-data","agreement","none","include","no"
"reviewer_A_batch_05rows1001-1250.csv","206","rayyan-550687328","36167147","10.1016/j.cca.2022.09.021","Artificial intelligence-enabled electrocardiography identifies severe dyscalcemias and has prognostic value.","2022","Clinica chimica acta; international journal of clinical chemistry","include","0,95","AI-ECG;Structural-heart-disease;DTA-data","include","1","AI-ECG;Structural-heart-disease;DTA-data","agreement","none","include","no"
"reviewer_A_batch_05rows1001-1250.csv","207","rayyan-550687329","39214763","10.1016/S2589-7500(24)00191-2","Diagnostic accuracy of a machine learning algorithm using point-of-care high-sensitivity cardiac troponin I for rapid rule-out of myocardial infarction: a retrospective study.","2024","The Lancet. Digital health","include","0,95","AI-ECG;Structural-heart-disease;DTA-data","include","1","AI-ECG;Structural-heart-disease;DTA-data","agreement","none","include","no"
"reviewer_A_batch_05rows1001-1250.csv","209","rayyan-550687331","37775727","10.1007/s10840-023-01657-y","An annotation-independent algorithm based on electrogram characteristics to guide the identification of ventricular tachycardia isthmuses in patients with structural heart disease.","2024","Journal of interventional cardiac electrophysiology : an international journal of           arrhythmias and pacing","include","0,95","AI-ECG;Structural-heart-disease;DTA-data","include","1","AI-ECG;Structural-heart-disease;DTA-data","agreement","none","include","no"
"reviewer_A_batch_05rows1001-1250.csv","212","rayyan-550687334","32157953","10.1161/JAHA.119.014176","Risk Score for Predicting 2-Year Mortality in Patients With Chagas Cardiomyopathy From Endemic Areas: SaMi-Trop Cohort Study.","2020","Journal of the American Heart Association","include","0,95","AI-ECG;Structural-heart-disease;DTA-data","include","1","AI-ECG;Structural-heart-disease;DTA-data","agreement","none","include","no"
"reviewer_A_batch_05rows1001-1250.csv","214","rayyan-550687336","28339886","10.1093/europace/euw430","Optimal method of measuring the T-peak to T-end interval for risk stratification in primary prevention.","2018","Europace : European pacing, arrhythmias, and cardiac electrophysiology : journal           of the working groups on cardiac pacing, arrhythmias, and cardiac cellular            electrophysiology of the European Society of Cardiology","include","0,95","AI-ECG;Structural-heart-disease;DTA-data","include","1","AI-ECG;Structural-heart-disease;DTA-data","agreement","none","include","no"
"reviewer_A_batch_05rows1001-1250.csv","222","rayyan-550687344","37420786","10.3390/s23125618","Automated Signal Quality Assessment of Single-Lead ECG Recordings for Early Detection of Silent Atrial Fibrillation.","2023","Sensors (Basel, Switzerland)","include","0,95","AI-ECG;Structural-heart-disease;DTA-data","include","1","AI-ECG;Structural-heart-disease;DTA-data","agreement","none","include","no"
"reviewer_A_batch_05rows1001-1250.csv","225","rayyan-550687347","12918838","","Acoustic phenomena and valve dysfunction in cardiac prostheses: data acquisition and collection via the Internet.","2003","The Journal of heart valve disease","include","0,95","AI-ECG;Structural-heart-disease;DTA-data","include","1","AI-ECG;Structural-heart-disease;DTA-data","agreement","none","include","no"
"reviewer_A_batch_05rows1001-1250.csv","227","rayyan-550687349","34033209","10.1111/cpf.12715","Combining ECG and echocardiography to identify transthyretin cardiac amyloidosis in heart failure.","2021","Clinical physiology and functional imaging","include","0,95","AI-ECG;Structural-heart-disease;DTA-data","include","1","AI-ECG;Structural-heart-disease;DTA-data","agreement","none","include","no"
"reviewer_A_batch_05rows1001-1250.csv","229","rayyan-550687351","39864743","10.1016/j.jocmr.2025.101844","Joint image reconstruction and segmentation of real-time cardiovascular magnetic resonance imaging in free-breathing using a model based on disentangled representation learning.","2025","Journal of cardiovascular magnetic resonance : official journal of the Society           for Cardiovascular Magnetic Resonance","include","0,95","AI-ECG;Structural-heart-disease;DTA-data","include","1","AI-ECG;Structural-heart-disease;DTA-data","agreement","none","include","no"
"reviewer_A_batch_05rows1001-1250.csv","235","rayyan-550687357","16915768","10.1515/BMT.2006.013","Comparison of three methods for beat-to-beat-interval extraction from continuous blood pressure and electrocardiogram with respect to heart rate variability analysis.","2006","Biomedizinische Technik. Biomedical engineering","include","0,95","AI-ECG;Structural-heart-disease;DTA-data","include","1","AI-ECG;Structural-heart-disease;DTA-data","agreement","none","include","no"
"reviewer_A_batch_05rows1001-1250.csv","237","rayyan-550687359","19272065","10.1111/j.1540-8159.2008.02243.x","Automatic management of left ventricular stimulation: hints for technologic improvement.","2009","Pacing and clinical electrophysiology : PACE","include","0,95","AI-ECG;Structural-heart-disease;DTA-data","include","1","AI-ECG;Structural-heart-disease;DTA-data","agreement","none","include","no"
"reviewer_A_batch_05rows1001-1250.csv","239","rayyan-550687361","26824741","10.1111/jce.12939","Early Changes in QRS Frequency Following Cardiac Resynchronization Predict Hemodynamic Response in Left Bundle Branch Block Patients.","2016","Journal of cardiovascular electrophysiology","include","0,95","AI-ECG;Structural-heart-disease;DTA-data","include","1","AI-ECG;Structural-heart-disease;DTA-data","agreement","none","include","no"
"reviewer_A_batch_06rows1251-1500.csv","1","rayyan-550687373","19298569","10.1111/j.1540-8167.2009.01438.x","Heart rate turbulence as a predictor of cardiac mortality and arrhythmic events in patients with dilated cardiomyopathy: a prospective study.","2009","Journal of cardiovascular electrophysiology","include","0,95","AI-ECG;Structural-heart-disease;DTA-data","include","1","AI-ECG;Structural-heart-disease;DTA-data","agreement","none","include","no"
"reviewer_A_batch_06rows1251-1500.csv","2","rayyan-550687374","32270881","10.1111/pace.13910","Validation of scoring system predicting permanent pacemaker implantation after transcatheter aortic valve replacement.","2020","Pacing and clinical electrophysiology : PACE","include","0,95","AI-ECG;Structural-heart-disease;DTA-data","include","1","AI-ECG;Structural-heart-disease;DTA-data","agreement","none","include","no"
"reviewer_A_batch_06rows1251-1500.csv","9","rayyan-550687381","39549437","10.1016/j.ejrad.2024.111835","ECG, clinical and novel CT-imaging predictors of necessary pacemaker implantation after transfemoral aortic valve replacement.","2025","European journal of radiology","include","0,95","AI-ECG;Structural-heart-disease;DTA-data","include","1","AI-ECG;Structural-heart-disease;DTA-data","agreement","none","include","no"
"reviewer_A_batch_06rows1251-1500.csv","10","rayyan-550687382","25998895","10.1016/j.hrthm.2015.04.035","T-peak to T-end interval for prediction of ventricular tachyarrhythmia and mortality in a primary prevention population with systolic cardiomyopathy.","2015","Heart rhythm","include","0,95","AI-ECG;Structural-heart-disease;DTA-data","include","1","AI-ECG;Structural-heart-disease;DTA-data","agreement","none","include","no"
"reviewer_A_batch_06rows1251-1500.csv","14","rayyan-550687386","39943462","10.3390/s25030824","A Vision Transformer Model for the Prediction of Fatal Arrhythmic Events in Patients with Brugada Syndrome.","2025","Sensors (Basel, Switzerland)","include","0,95","AI-ECG;Structural-heart-disease;DTA-data","include","1","AI-ECG;Structural-heart-disease;DTA-data","agreement","none","include","no"
"reviewer_A_batch_06rows1251-1500.csv","17","rayyan-550687389","12090139","10.1515/bmte.2002.47.5.117","High frequency intra-QRS signals in idiopathic dilated cardiomyopathy.","2002","Biomedizinische Technik. Biomedical engineering","include","0,95","AI-ECG;Structural-heart-disease;DTA-data","include","1","AI-ECG;Structural-heart-disease;DTA-data","agreement","none","include","no"
"reviewer_A_batch_06rows1251-1500.csv","24","rayyan-550687396","28188001","10.1016/j.ijcard.2017.02.007","Risk factor algorithm used to predict frequent premature ventricular contraction-induced cardiomyopathy.","2017","International journal of cardiology","include","0,95","AI-ECG;Structural-heart-disease;DTA-data","include","1","AI-ECG;Structural-heart-disease;DTA-data","agreement","none","include","no"
"reviewer_A_batch_06rows1251-1500.csv","30","rayyan-550687402","18817921","10.1016/j.jelectrocard.2008.07.018","Where do derived precordial leads fail?","2008","Journal of electrocardiology","include","0,95","AI-ECG;Structural-heart-disease;DTA-data","include","1","AI-ECG;Structural-heart-disease;DTA-data","agreement","none","include","no"
"reviewer_A_batch_06rows1251-1500.csv","34","rayyan-550687406","34534279","10.1093/eurheartj/ehab649","Application of artificial intelligence to the electrocardiogram.","2021","European heart journal","include","0,95","AI-ECG;Structural-heart-disease;DTA-data","include","1","AI-ECG;Structural-heart-disease;DTA-data","agreement","none","include","no"
"reviewer_A_batch_06rows1251-1500.csv","35","rayyan-550687407","9826855","10.1111/j.1540-8159.1998.tb01122.x","Body surface Laplacian mapping in patients with left or right ventricular bundle branch block.","1998","Pacing and clinical electrophysiology : PACE","include","0,95","AI-ECG;Structural-heart-disease;DTA-data","include","1","AI-ECG;Structural-heart-disease;DTA-data","agreement","none","include","no"
"reviewer_A_batch_06rows1251-1500.csv","37","rayyan-550687409","14991134","10.1007/s00117-003-1009-1","[Determining global heart function with real time TrueFISP in one respiratory cycle].","2004","Der Radiologe","include","0,95","AI-ECG;Structural-heart-disease;DTA-data","include","1","AI-ECG;Structural-heart-disease;DTA-data","agreement","none","include","no"
"reviewer_A_batch_06rows1251-1500.csv","38","rayyan-550687410","40403424","10.1016/j.jelectrocard.2025.154023","Unmasking loss of capture and prolonged left ventricular latency by the Biotronik desynchronization-detection algorithm.","2025","Journal of electrocardiology","include","0,95","AI-ECG;Structural-heart-disease;DTA-data","include","1","AI-ECG;Structural-heart-disease;DTA-data","agreement","none","include","no"
"reviewer_A_batch_06rows1251-1500.csv","39","rayyan-550687411","30534850","10.5830/CVJA-2018-042","A diagnostic algorithm for pulmonary hypertension due to left heart disease in resource-limited settings: can busy clinicians adopt a simple, practical approach?","2019","Cardiovascular journal of Africa","include","0,95","AI-ECG;Structural-heart-disease;DTA-data","include","1","AI-ECG;Structural-heart-disease;DTA-data","agreement","none","include","no"
"reviewer_A_batch_06rows1251-1500.csv","41","rayyan-550687413","38301492","10.1016/j.jelectrocard.2024.01.006","Artificial intelligence-enhanced electrocardiography for accurate diagnosis and management of cardiovascular diseases.","2024","Journal of electrocardiology","include","0,95","AI-ECG;Structural-heart-disease;DTA-data","include","1","AI-ECG;Structural-heart-disease;DTA-data","agreement","none","include","no"
"reviewer_A_batch_06rows1251-1500.csv","43","rayyan-550687415","21723693","10.1016/j.cjca.2011.02.001","Noninvasive prediction of left ventricular end-diastolic pressure in patients with coronary artery disease and preserved ejection fraction.","2012","The Canadian journal of cardiology","include","0,95","AI-ECG;Structural-heart-disease;DTA-data","include","1","AI-ECG;Structural-heart-disease;DTA-data","agreement","none","include","no"
"reviewer_A_batch_06rows1251-1500.csv","46","rayyan-550687418","36610062","10.1093/europace/euac261","Improved prediction of sudden cardiac death in patients with heart failure through digital processing of electrocardiography.","2023","Europace : European pacing, arrhythmias, and cardiac electrophysiology : journal           of the working groups on cardiac pacing, arrhythmias, and cardiac cellular            electrophysiology of the European Society of Cardiology","include","0,95","AI-ECG;Structural-heart-disease;DTA-data","include","1","AI-ECG;Structural-heart-disease;DTA-data","agreement","none","include","no"
"reviewer_A_batch_06rows1251-1500.csv","49","rayyan-550687421","32335821","10.1007/s10554-020-01862-0","Aortic valve calcification scoring with computed tomography: impact of iterative reconstruction techniques.","2020","The international journal of cardiovascular imaging","include","0,95","AI-ECG;Structural-heart-disease;DTA-data","include","1","AI-ECG;Structural-heart-disease;DTA-data","agreement","none","include","no"
"reviewer_A_batch_06rows1251-1500.csv","51","rayyan-550687423","40968955","10.3390/s25113360","A Novel Method for ECG-Free Heart Sound Segmentation in Patients with Severe Aortic Valve Disease.","2025","Sensors (Basel, Switzerland)","include","0,95","AI-ECG;Structural-heart-disease;DTA-data","include","1","AI-ECG;Structural-heart-disease;DTA-data","agreement","none","include","no"
"reviewer_A_batch_06rows1251-1500.csv","56","rayyan-550687428","39603748","10.1016/j.jacc.2024.06.054","Using Electrocardiogram to Assess Diastolic Function and Prognosis in Mitral Regurgitation.","2024","Journal of the American College of Cardiology","include","0,95","AI-ECG;Structural-heart-disease;DTA-data","include","1","AI-ECG;Structural-heart-disease;DTA-data","agreement","none","include","no"
"reviewer_A_batch_06rows1251-1500.csv","66","rayyan-550687438","18002139","10.1109/IEMBS.2007.4352473","Monitoring of obstructive sleep apnea in heart failure patients.","2007","Annual International Conference of the IEEE Engineering in Medicine and Biology           Society. IEEE Engineering in Medicine and Biology Society. Annual International            Conference","include","0,95","AI-ECG;Structural-heart-disease;DTA-data","include","1","AI-ECG;Structural-heart-disease;DTA-data","agreement","none","include","no"
"reviewer_A_batch_06rows1251-1500.csv","71","rayyan-550687443","34260141","10.1111/jce.15171","Using ensemble of ensemble machine learning methods to predict outcomes of cardiac resynchronization.","2021","Journal of cardiovascular electrophysiology","include","0,95","AI-ECG;Structural-heart-disease;DTA-data","include","1","AI-ECG;Structural-heart-disease;DTA-data","agreement","none","include","no"
"reviewer_A_batch_06rows1251-1500.csv","77","rayyan-550687449","40684845","10.1016/j.jtcvs.2025.06.037","Risk stratification of coronary artery bypass patients using an artificial intelligence electrocardiogram-derived age.","2026","The Journal of thoracic and cardiovascular surgery","include","0,95","AI-ECG;Structural-heart-disease;DTA-data","include","1","AI-ECG;Structural-heart-disease;DTA-data","agreement","none","include","no"
"reviewer_A_batch_06rows1251-1500.csv","98","rayyan-550687470","30562104","10.1161/CIRCEP.118.006730","Predictive Score for Identifying Survival and Recurrence Risk Profiles in Patients Undergoing Ventricular Tachycardia Ablation: The I-VT Score.","2018","Circulation. Arrhythmia and electrophysiology","include","0,95","AI-ECG;Structural-heart-disease;DTA-data","include","1","AI-ECG;Structural-heart-disease;DTA-data","agreement","none","include","no"
"reviewer_A_batch_06rows1251-1500.csv","106","rayyan-550687478","31519393","10.1016/j.jelectrocard.2019.08.005","12-Lead ECG interpretation by database comparison.","2019","Journal of electrocardiology","include","0,95","AI-ECG;Structural-heart-disease;DTA-data","include","1","AI-ECG;Structural-heart-disease;DTA-data","agreement","none","include","no"
"reviewer_A_batch_06rows1251-1500.csv","111","rayyan-550687483","36815416","10.1701/3981.39637","[Artificial intelligence applied to the electrocardiogram, or is there really a needle in a haystack?].","2023","Recenti progressi in medicina","include","0,95","AI-ECG;Structural-heart-disease;DTA-data","include","1","AI-ECG;Structural-heart-disease;DTA-data","agreement","none","include","no"
"reviewer_A_batch_06rows1251-1500.csv","118","rayyan-550687491","17340125","10.1007/s10334-007-0069-z","Comparative evaluation of active contour model extensions for automated cardiac MR image segmentation by regional error assessment.","2007","Magma (New York, N.Y.)","include","0,95","AI-ECG;Structural-heart-disease;DTA-data","include","1","AI-ECG;Structural-heart-disease;DTA-data","agreement","none","include","no"
"reviewer_A_batch_06rows1251-1500.csv","128","rayyan-550687501","40817221","10.1186/s12911-025-03091-8","Risk prediction of QTc prolongation occurrence in cancer patients treated with commonly used oral tyrosine kinase inhibitors: machine learning modeling or conventional statistical analysis better?","2025","BMC medical informatics and decision making","include","0,95","AI-ECG;Structural-heart-disease;DTA-data","include","1","AI-ECG;Structural-heart-disease;DTA-data","agreement","none","include","no"
"reviewer_A_batch_06rows1251-1500.csv","135","rayyan-550687508","29871808","10.1016/j.ijcard.2018.05.063","Assessment of a conduction-repolarisation metric to predict Arrhythmogenesis in right ventricular disorders.","2018","International journal of cardiology","include","0,95","AI-ECG;Structural-heart-disease;DTA-data","include","1","AI-ECG;Structural-heart-disease;DTA-data","agreement","none","include","no"
"reviewer_A_batch_06rows1251-1500.csv","145","rayyan-550687518","39854935","10.1016/j.jelectrocard.2025.153878","Estimating very low ejection fraction from the 12 Lead ECG among patients with acute heart failure.","2025","Journal of electrocardiology","include","0,95","AI-ECG;Structural-heart-disease;DTA-data","include","1","AI-ECG;Structural-heart-disease;DTA-data","agreement","none","include","no"
"reviewer_A_batch_06rows1251-1500.csv","149","rayyan-550687522","37943680","10.1093/eurjpc/zwad348","Artificial intelligence electrocardiogram as a novel screening tool to detect a newly abnormal left ventricular ejection fraction after anthracycline-based cancer therapy.","2024","European journal of preventive cardiology","include","0,95","AI-ECG;Structural-heart-disease;DTA-data","include","1","AI-ECG;Structural-heart-disease;DTA-data","agreement","none","include","no"
"reviewer_A_batch_06rows1251-1500.csv","150","rayyan-550687523","33212046","10.1016/j.ahj.2020.11.006","A multi-modal diagnostic model improves detection of cardiac amyloidosis among patients with diagnostic confirmation by cardiac biopsy.","2021","American heart journal","include","0,95","AI-ECG;Structural-heart-disease;DTA-data","include","1","AI-ECG;Structural-heart-disease;DTA-data","agreement","none","include","no"
"reviewer_A_batch_06rows1251-1500.csv","158","rayyan-550687531","40888124","10.1161/CIRCULATIONAHA.125.076279","Phenotypic Selectivity of Artificial Intelligence-Enhanced Electrocardiography in Cardiovascular Diagnosis and Risk Prediction.","2025","Circulation","include","0,95","AI-ECG;Structural-heart-disease;DTA-data","include","1","AI-ECG;Structural-heart-disease;DTA-data","agreement","none","include","no"
"reviewer_A_batch_06rows1251-1500.csv","163","rayyan-550687536","16792027","10.1016/j.ancard.2005.12.001","[Risk stratification in atrial and ventricular arrhythmias].","2006","Annales de cardiologie et d'angeiologie","include","0,95","AI-ECG;Structural-heart-disease;DTA-data","include","1","AI-ECG;Structural-heart-disease;DTA-data","agreement","none","include","no"
"reviewer_A_batch_06rows1251-1500.csv","171","rayyan-550687544","40348407","10.1136/heartjnl-2024-324424","State-of-the-art analysis of electrocardiogram findings in sudden cardiac death.","2025","Heart (British Cardiac Society)","include","0,95","AI-ECG;Structural-heart-disease;DTA-data","include","1","AI-ECG;Structural-heart-disease;DTA-data","agreement","none","include","no"
"reviewer_A_batch_06rows1251-1500.csv","177","rayyan-550687550","40320390","10.1002/ehf2.15318","Novel three-dimensional ECG algorithm for reliable screening for cardiac amyloidosis.","2025","ESC heart failure","include","0,95","AI-ECG;Structural-heart-disease;DTA-data","include","1","AI-ECG;Structural-heart-disease;DTA-data","agreement","none","include","no"
"reviewer_A_batch_06rows1251-1500.csv","183","rayyan-550687556","1523558","","[The differential electrocardiographic diagnosis of dilated cardiomyopathy and ischemic heart disease (the data from precordial mapping)].","1992","Terapevticheskii arkhiv","include","0,95","AI-ECG;Structural-heart-disease;DTA-data","include","1","AI-ECG;Structural-heart-disease;DTA-data","agreement","none","include","no"
"reviewer_A_batch_06rows1251-1500.csv","187","rayyan-550687560","15864234","10.1016/j.ahj.2004.06.025","Electrocardiographic damage scores and cardiovascular mortality.","2005","American heart journal","include","0,95","AI-ECG;Structural-heart-disease;DTA-data","include","1","AI-ECG;Structural-heart-disease;DTA-data","agreement","none","include","no"
"reviewer_A_batch_06rows1251-1500.csv","191","rayyan-550687564","37629684","10.3390/medicina59081394","Accurate Prediction of Sudden Cardiac Death Based on Heart Rate Variability Analysis Using Convolutional Neural Network.","2023","Medicina (Kaunas, Lithuania)","include","0,95","AI-ECG;Structural-heart-disease;DTA-data","include","1","AI-ECG;Structural-heart-disease;DTA-data","agreement","none","include","no"
"reviewer_A_batch_06rows1251-1500.csv","197","rayyan-550687570","31093884","10.1007/s12028-019-00734-3","Heart Rate Variability as a Biomarker of Neurocardiogenic Injury After Subarachnoid Hemorrhage.","2020","Neurocritical care","include","0,95","AI-ECG;Structural-heart-disease;DTA-data","include","1","AI-ECG;Structural-heart-disease;DTA-data","agreement","none","include","no"
"reviewer_A_batch_06rows1251-1500.csv","205","rayyan-550687578","20008307","10.1161/CIRCEP.109.859942","ECG criteria to identify epicardial ventricular tachycardia in nonischemic cardiomyopathy.","2010","Circulation. Arrhythmia and electrophysiology","include","0,95","AI-ECG;Structural-heart-disease;DTA-data","include","1","AI-ECG;Structural-heart-disease;DTA-data","agreement","none","include","no"
"reviewer_A_batch_06rows1251-1500.csv","207","rayyan-550687580","28708197","10.5603/KP.a2017.0060","Risk stratification personalised model for prediction of life-threatening ventricular tachyarrhythmias in patients with chronic heart failure.","2017","Kardiologia polska","include","0,95","AI-ECG;Structural-heart-disease;DTA-data","include","1","AI-ECG;Structural-heart-disease;DTA-data","agreement","none","include","no"
"reviewer_A_batch_06rows1251-1500.csv","221","rayyan-550687594","37389511","10.1016/j.jcmg.2023.05.002","Development and Validation of a Prediction Model and Score for Transthyretin Cardiac Amyloidosis Diagnosis: T-Amylo.","2023","JACC. Cardiovascular imaging","include","0,95","AI-ECG;Structural-heart-disease;DTA-data","include","1","AI-ECG;Structural-heart-disease;DTA-data","agreement","none","include","no"
"reviewer_A_batch_06rows1251-1500.csv","246","rayyan-550687619","34380426","10.1186/s12877-021-02391-8","Prediction of biological age and all-cause mortality by 12-lead electrocardiogram in patients without structural heart disease.","2021","BMC geriatrics","include","0,95","AI-ECG;Structural-heart-disease;DTA-data","include","1","AI-ECG;Structural-heart-disease;DTA-data","agreement","none","include","no"
"reviewer_A_batch_06rows1251-1500.csv","248","rayyan-550687621","40289607","10.1111/anec.70083","A Case Report: Electrotonic Modulation-Related T-Wave Over-Sensing After Left Bundle Branch Pacing.","2025","Annals of noninvasive electrocardiology : the official journal of the           International Society for Holter and Noninvasive Electrocardiology, Inc","include","0,95","AI-ECG;Structural-heart-disease;DTA-data","include","1","AI-ECG;Structural-heart-disease;DTA-data","agreement","none","include","no"
"reviewer_A_batch_07rows1501-1750.csv","13","rayyan-550687636","37913604","10.1016/j.jvc.2023.10.001","Use of physical examination, electrocardiography, radiography, and biomarkers to predict echocardiographic stage B2 myxomatous mitral valve disease in preclinical Cavalier King Charles Spaniels.","2023","Journal of veterinary cardiology : the official journal of the European Society           of Veterinary Cardiology","include","0,95","AI-ECG;Structural-heart-disease;DTA-data","include","1","AI-ECG;Structural-heart-disease;DTA-data","agreement","none","include","no"
"reviewer_A_batch_07rows1501-1750.csv","22","rayyan-550687645","38757395","10.1002/ehf2.14852","Cardiac amyloidosis is not a single disease: a multiparametric comparison between the light chain and transthyretin forms.","2024","ESC heart failure","include","0,95","AI-ECG;Structural-heart-disease;DTA-data","include","1","AI-ECG;Structural-heart-disease;DTA-data","agreement","none","include","no"
"reviewer_A_batch_07rows1501-1750.csv","26","rayyan-550687649","29283466","10.1002/jmri.25937","Improved segmental myocardial strain reproducibility using deformable registration algorithms compared with feature tracking cardiac MRI and speckle tracking echocardiography.","2018","Journal of magnetic resonance imaging : JMRI","include","0,95","AI-ECG;Structural-heart-disease;DTA-data","include","1","AI-ECG;Structural-heart-disease;DTA-data","agreement","none","include","no"
"reviewer_A_batch_07rows1501-1750.csv","29","rayyan-550687652","26323810","10.1007/s00399-015-0387-1","[Differential diagnosis of tachycardia with a broad QRS-complex].","2015","Herzschrittmachertherapie & Elektrophysiologie","include","0,95","AI-ECG;Structural-heart-disease;DTA-data","include","1","AI-ECG;Structural-heart-disease;DTA-data","agreement","none","include","no"
"reviewer_A_batch_07rows1501-1750.csv","32","rayyan-550687655","31588038","10.1016/j.jmir.2019.08.006","Intelligent Imaging: Radiomics and Artificial Neural Networks in Heart Failure.","2019","Journal of medical imaging and radiation sciences","include","0,95","AI-ECG;Structural-heart-disease;DTA-data","include","1","AI-ECG;Structural-heart-disease;DTA-data","agreement","none","include","no"
"reviewer_A_batch_07rows1501-1750.csv","33","rayyan-550687656","33188796","10.1016/j.ijcard.2020.11.012","Prediction of current and new development of atrial fibrillation on electrocardiogram with sinus rhythm in patients without structural heart disease.","2021","International journal of cardiology","include","0,95","AI-ECG;Structural-heart-disease;DTA-data","include","1","AI-ECG;Structural-heart-disease;DTA-data","agreement","none","include","no"
"reviewer_A_batch_07rows1501-1750.csv","36","rayyan-550687659","37797416","10.1016/j.ienj.2023.101365","Early myopericarditis diagnosed in a 31-year-old patient using smartwatch technology: A case report.","2023","International emergency nursing","include","0,95","AI-ECG;Structural-heart-disease;DTA-data","include","1","AI-ECG;Structural-heart-disease;DTA-data","agreement","none","include","no"
"reviewer_A_batch_07rows1501-1750.csv","39","rayyan-550687662","31840899","10.1111/jce.14320","Man vs machine: Performance of manual vs automated electrocardiogram analysis for predicting the chamber of origin of idiopathic ventricular arrhythmia.","2020","Journal of cardiovascular electrophysiology","include","0,95","AI-ECG;Structural-heart-disease;DTA-data","include","1","AI-ECG;Structural-heart-disease;DTA-data","agreement","none","include","no"
"reviewer_A_batch_07rows1501-1750.csv","43","rayyan-550687666","32553221","10.1016/j.jacep.2020.02.008","Electroanatomical Voltage Mapping to Distinguish Right-Sided Cardiac Sarcoidosis From Arrhythmogenic Right Ventricular Cardiomyopathy.","2020","JACC. Clinical electrophysiology","include","0,95","AI-ECG;Structural-heart-disease;DTA-data","include","1","AI-ECG;Structural-heart-disease;DTA-data","agreement","none","include","no"
"reviewer_A_batch_07rows1501-1750.csv","44","rayyan-550687667","29325362","10.3760/cma.j.issn.0253-3758.2017.12.006","[Predicting value of 2014 European guidelines risk prediction model for sudden cardiac death (HCM Risk-SCD) in Chinese patients with hypertrophic cardiomyopathy].","2017","Zhonghua xin xue guan bing za zhi","include","0,95","AI-ECG;Structural-heart-disease;DTA-data","include","1","AI-ECG;Structural-heart-disease;DTA-data","agreement","none","include","no"
"reviewer_A_batch_07rows1501-1750.csv","50","rayyan-550687673","33018000","10.1109/EMBC44109.2020.9175775","Recognition of Premature Ventricular Contraction Beat from 12Lead ECG Based on A Novel Detection Function of QRS Onset.","2020","Annual International Conference of the IEEE Engineering in Medicine and Biology           Society. IEEE Engineering in Medicine and Biology Society. Annual International            Conference","include","0,95","AI-ECG;Structural-heart-disease;DTA-data","include","1","AI-ECG;Structural-heart-disease;DTA-data","agreement","none","include","no"
"reviewer_A_batch_07rows1501-1750.csv","52","rayyan-550687675","27515893","10.1016/j.amjcard.2016.07.008","A Clinical Risk Score to Improve the Diagnosis of Tachycardia-Induced Cardiomyopathy in Childhood.","2016","The American journal of cardiology","include","0,95","AI-ECG;Structural-heart-disease;DTA-data","include","1","AI-ECG;Structural-heart-disease;DTA-data","agreement","none","include","no"
"reviewer_A_batch_07rows1501-1750.csv","65","rayyan-550687688","33566932","10.36660/abc.20190501","Validation of a Simple Electrocardiographic Algorithm for Detection of Ventricular Tachycardia.","2021","Arquivos brasileiros de cardiologia","include","0,95","AI-ECG;Structural-heart-disease;DTA-data","include","1","AI-ECG;Structural-heart-disease;DTA-data","agreement","none","include","no"
"reviewer_A_batch_07rows1501-1750.csv","69","rayyan-550687692","35746166","10.3390/s22124384","Mechanocardiography in the Detection of Acute ST Elevation Myocardial Infarction: The MECHANO-STEMI Study.","2022","Sensors (Basel, Switzerland)","include","0,95","AI-ECG;Structural-heart-disease;DTA-data","include","1","AI-ECG;Structural-heart-disease;DTA-data","agreement","none","include","no"
"reviewer_A_batch_07rows1501-1750.csv","75","rayyan-550687698","28248005","10.1111/anec.12440","Evaluation of the ECG based Selvester scoring method to estimate myocardial scar burden and predict clinical outcome in patients with left bundle branch block, with comparison to late gadolinium enhancement CMR imaging.","2017","Annals of noninvasive electrocardiology : the official journal of the           International Society for Holter and Noninvasive Electrocardiology, Inc","include","0,95","AI-ECG;Structural-heart-disease;DTA-data","include","1","AI-ECG;Structural-heart-disease;DTA-data","agreement","none","include","no"
"reviewer_A_batch_07rows1501-1750.csv","82","rayyan-550687705","23932443","10.1016/j.healun.2013.06.007","QRS prolongation is strongly associated with life-threatening ventricular arrhythmias in children with dilated cardiomyopathy.","2013","The Journal of heart and lung transplantation : the official publication of the           International Society for Heart Transplantation","include","0,95","AI-ECG;Structural-heart-disease;DTA-data","include","1","AI-ECG;Structural-heart-disease;DTA-data","agreement","none","include","no"
"reviewer_A_batch_07rows1501-1750.csv","88","rayyan-550687711","33957319","10.1016/j.hrthm.2021.04.032","The precordial R' wave: A novel discriminator between cardiac sarcoidosis and arrhythmogenic right ventricular cardiomyopathy in patients presenting with ventricular tachycardia.","2021","Heart rhythm","include","0,95","AI-ECG;Structural-heart-disease;DTA-data","include","1","AI-ECG;Structural-heart-disease;DTA-data","agreement","none","include","no"
"reviewer_A_batch_07rows1501-1750.csv","89","rayyan-550687712","12571203","","Performance of OSEM and depth-dependent resolution recovery algorithms for the evaluation of global left ventricular function in 201Tl gated myocardial perfusion SPECT.","2003","Journal of nuclear medicine : official publication, Society of Nuclear Medicine","include","0,95","AI-ECG;Structural-heart-disease;DTA-data","include","1","AI-ECG;Structural-heart-disease;DTA-data","agreement","none","include","no"
"reviewer_A_batch_07rows1501-1750.csv","101","rayyan-550687724","10653675","10.1053/euhj.1999.1748","Optimizing the initial 12-lead electrocardiographic diagnosis of acute myocardial infarction.","2000","European heart journal","include","0,95","AI-ECG;Structural-heart-disease;DTA-data","include","1","AI-ECG;Structural-heart-disease;DTA-data","agreement","none","include","no"
"reviewer_A_batch_07rows1501-1750.csv","104","rayyan-550687727","32181916","10.1111/pace.13903","Premature ventricular contraction detection for long-term monitoring in an implantable cardiac monitor.","2020","Pacing and clinical electrophysiology : PACE","include","0,95","AI-ECG;Structural-heart-disease;DTA-data","include","1","AI-ECG;Structural-heart-disease;DTA-data","agreement","none","include","no"
"reviewer_A_batch_07rows1501-1750.csv","105","rayyan-550687728","41404916","10.1111/pace.70102","The Risk Prediction Tool for Pacing-Induced Cardiomyopathy in Right Ventricular Pacing Patients.","2026","Pacing and clinical electrophysiology : PACE","include","0,95","AI-ECG;Structural-heart-disease;DTA-data","include","1","AI-ECG;Structural-heart-disease;DTA-data","agreement","none","include","no"
"reviewer_A_batch_07rows1501-1750.csv","115","rayyan-550687738","30260996","10.1371/journal.pone.0204403","Can smartphone wireless ECGs be used to accurately assess ECG intervals in pediatrics? A comparison of mobile health monitoring to standard 12-lead ECG.","2018","PloS one","include","0,95","AI-ECG;Structural-heart-disease;DTA-data","include","1","AI-ECG;Structural-heart-disease;DTA-data","agreement","none","include","no"
"reviewer_A_batch_07rows1501-1750.csv","116","rayyan-550687739","23211639","10.1093/aje/kws224","Prevalence, prospective risk markers, and prognosis associated with the presence of left ventricular diastolic dysfunction in young adults: the coronary artery risk development in young adults study.","2013","American journal of epidemiology","include","0,95","AI-ECG;Structural-heart-disease;DTA-data","include","1","AI-ECG;Structural-heart-disease;DTA-data","agreement","none","include","no"
"reviewer_A_batch_07rows1501-1750.csv","120","rayyan-550687743","41273923","10.1016/j.ejrad.2025.112534","Predicting pacemaker dependency after transcatheter aortic valve replacement: Analysis of ECG, clinical, and CT-imaging parameters.","2026","European journal of radiology","include","0,95","AI-ECG;Structural-heart-disease;DTA-data","include","1","AI-ECG;Structural-heart-disease;DTA-data","agreement","none","include","no"
"reviewer_A_batch_07rows1501-1750.csv","121","rayyan-550687744","18492682","10.1093/europace/eun125","Validation of a peak endocardial acceleration-based algorithm to optimize cardiac resynchronization: early clinical results.","2008","Europace : European pacing, arrhythmias, and cardiac electrophysiology : journal           of the working groups on cardiac pacing, arrhythmias, and cardiac cellular            electrophysiology of the European Society of Cardiology","include","0,95","AI-ECG;Structural-heart-disease;DTA-data","include","1","AI-ECG;Structural-heart-disease;DTA-data","agreement","none","include","no"
"reviewer_A_batch_07rows1501-1750.csv","123","rayyan-550687746","38603529","10.1097/HCO.0000000000001135","Prevention and treatment of hypertensive left ventricular hypertrophy.","2024","Current opinion in cardiology","include","0,95","AI-ECG;Structural-heart-disease;DTA-data","include","1","AI-ECG;Structural-heart-disease;DTA-data","agreement","none","include","no"
"reviewer_A_batch_07rows1501-1750.csv","127","rayyan-550687750","22052662","10.1002/ajh.22205","Electrocardiographic consequences of cardiac iron overload in thalassemia major.","2012","American journal of hematology","include","0,95","AI-ECG;Structural-heart-disease;DTA-data","include","1","AI-ECG;Structural-heart-disease;DTA-data","agreement","none","include","no"
"reviewer_A_batch_07rows1501-1750.csv","136","rayyan-550687759","35157609","10.18632/aging.203894","Comprehensive bioinformatics analysis identifies LAPTM5 as a potential blood biomarker for hypertensive patients with left ventricular hypertrophy.","2022","Aging","include","0,95","AI-ECG;Structural-heart-disease;DTA-data","include","1","AI-ECG;Structural-heart-disease;DTA-data","agreement","none","include","no"
"reviewer_A_batch_07rows1501-1750.csv","156","rayyan-550687779","31735165","10.1186/s12968-019-0579-7","Free breathing three-dimensional cardiac quantitative susceptibility mapping for differential cardiac chamber blood oxygenation - initial validation in patients with cardiovascular disease inclusive of direct comparison to invasive catheterization.","2019","Journal of cardiovascular magnetic resonance : official journal of the Society           for Cardiovascular Magnetic Resonance","include","0,95","AI-ECG;Structural-heart-disease;DTA-data","include","1","AI-ECG;Structural-heart-disease;DTA-data","agreement","none","include","no"
"reviewer_A_batch_07rows1501-1750.csv","159","rayyan-550687782","2069131","10.1093/ajcp/96.1.134","Neural network analysis of serial cardiac enzyme data. A clinical application of artificial machine intelligence.","1991","American journal of clinical pathology","include","0,95","AI-ECG;Structural-heart-disease;DTA-data","include","1","AI-ECG;Structural-heart-disease;DTA-data","agreement","none","include","no"
"reviewer_A_batch_07rows1501-1750.csv","161","rayyan-550687784","8913903","10.1016/s0022-0736(96)80093-8","A new ECG algorithm for the localization of accessory pathways using only the polarity of the QRS complex.","1996","Journal of electrocardiology","include","0,95","AI-ECG;Structural-heart-disease;DTA-data","include","1","AI-ECG;Structural-heart-disease;DTA-data","agreement","none","include","no"
"reviewer_A_batch_07rows1501-1750.csv","164","rayyan-550687787","21237604","10.1016/j.ejrad.2010.12.034","Can left ventricular end-diastolic volumes be estimated with prospective ECG-gated CT coronary angiography?","2012","European journal of radiology","include","0,95","AI-ECG;Structural-heart-disease;DTA-data","include","1","AI-ECG;Structural-heart-disease;DTA-data","agreement","none","include","no"
"reviewer_A_batch_07rows1501-1750.csv","165","rayyan-550687788","27789562","10.1093/europace/euw222","Blunted cyclic variation of heart rate predicts mortality risk in post-myocardial infarction, end-stage renal disease, and chronic heart failure patients.","2017","Europace : European pacing, arrhythmias, and cardiac electrophysiology : journal           of the working groups on cardiac pacing, arrhythmias, and cardiac cellular            electrophysiology of the European Society of Cardiology","include","0,95","AI-ECG;Structural-heart-disease;DTA-data","include","1","AI-ECG;Structural-heart-disease;DTA-data","agreement","none","include","no"
"reviewer_A_batch_07rows1501-1750.csv","188","rayyan-550687811","42162353","10.1038/s44325-026-00134-5","Optimizing single-lead ECG axis for AI-based detection of myocardial diseases.","2026","NPJ cardiovascular health","include","0,95","AI-ECG;Structural-heart-disease;DTA-data","include","1","AI-ECG;Structural-heart-disease;DTA-data","agreement","none","include","no"
"reviewer_A_batch_07rows1501-1750.csv","193","rayyan-550687816","36894601","10.1038/s41598-023-30900-9","ECG-guided non-invasive estimation of pulmonary congestion in patients with heart failure.","2023","Scientific reports","include","0,95","AI-ECG;Structural-heart-disease;DTA-data","include","1","AI-ECG;Structural-heart-disease;DTA-data","agreement","none","include","no"
"reviewer_A_batch_07rows1501-1750.csv","201","rayyan-550687824","31573144","10.1111/chd.12847","Prolonged T(peak) -T(end) interval is a risk factor for sudden cardiac death in adults with congenital heart disease.","2019","Congenital heart disease","include","0,95","AI-ECG;Structural-heart-disease;DTA-data","include","1","AI-ECG;Structural-heart-disease;DTA-data","agreement","none","include","no"
"reviewer_A_batch_07rows1501-1750.csv","202","rayyan-550687825","20638668","10.1016/j.jelectrocard.2010.05.012","Bivariate phase-rectified signal averaging for assessment of spontaneous baroreflex sensitivity: pilot study of the technology.","2010","Journal of electrocardiology","include","0,95","AI-ECG;Structural-heart-disease;DTA-data","include","1","AI-ECG;Structural-heart-disease;DTA-data","agreement","none","include","no"
"reviewer_A_batch_07rows1501-1750.csv","208","rayyan-550687831","23054217","10.1093/europace/eus330","A new electrocardiogram algorithm for diagnosing loss of ventricular capture during cardiac resynchronisation therapy.","2013","Europace : European pacing, arrhythmias, and cardiac electrophysiology : journal           of the working groups on cardiac pacing, arrhythmias, and cardiac cellular            electrophysiology of the European Society of Cardiology","include","0,95","AI-ECG;Structural-heart-disease;DTA-data","include","1","AI-ECG;Structural-heart-disease;DTA-data","agreement","none","include","no"
"reviewer_A_batch_07rows1501-1750.csv","211","rayyan-550687834","24368011","10.1016/j.ejrad.2013.11.026","Quantitative analysis of left ventricular strain using cardiac computed tomography.","2014","European journal of radiology","include","0,95","AI-ECG;Structural-heart-disease;DTA-data","include","1","AI-ECG;Structural-heart-disease;DTA-data","agreement","none","include","no"
"reviewer_A_batch_07rows1501-1750.csv","224","rayyan-550687847","34734350","10.1007/s11739-021-02873-y","Machine learning versus traditional methods for the development of risk stratification scores: a case study using original Canadian Syncope Risk Score data.","2022","Internal and emergency medicine","include","0,95","AI-ECG;Structural-heart-disease;DTA-data","include","1","AI-ECG;Structural-heart-disease;DTA-data","agreement","none","include","no"
"reviewer_A_batch_07rows1501-1750.csv","232","rayyan-550687855","20059337","10.1146/annurev.med.052208.130419","Arrhythmogenic cardiomyopathy: etiology, diagnosis, and treatment.","2010","Annual review of medicine","include","0,95","AI-ECG;Structural-heart-disease;DTA-data","include","1","AI-ECG;Structural-heart-disease;DTA-data","agreement","none","include","no"
"reviewer_A_batch_07rows1501-1750.csv","234","rayyan-550687857","24792903","10.1016/j.jelectrocard.2014.03.010","Difficult ECGs in STEMI: lessons learned from serial sampling of pre- and in-hospital ECGs.","2014","Journal of electrocardiology","include","0,95","AI-ECG;Structural-heart-disease;DTA-data","include","1","AI-ECG;Structural-heart-disease;DTA-data","agreement","none","include","no"
"reviewer_A_batch_07rows1501-1750.csv","243","rayyan-550687866","25567404","10.3233/XST-140467","Left ventricle segmentation in dynamic cardiac CT using random walks method.","2015","Journal of X-ray science and technology","include","0,95","AI-ECG;Structural-heart-disease;DTA-data","include","1","AI-ECG;Structural-heart-disease;DTA-data","agreement","none","include","no"
"reviewer_A_batch_07rows1501-1750.csv","248","rayyan-550687871","10091826","10.1016/s0735-1097(98)00661-5","Assessment of regional and global left ventricular function by reinjection T1-201 and rest Tc-99m sestamibi ECG-gated SPECT: comparison with three-dimensional magnetic resonance imaging.","1999","Journal of the American College of Cardiology","include","0,95","AI-ECG;Structural-heart-disease;DTA-data","include","1","AI-ECG;Structural-heart-disease;DTA-data","agreement","none","include","no"
"reviewer_A_batch_07rows1501-1750.csv","250","rayyan-550687873","19540692","10.1016/j.ejrad.2009.05.037","Quantitative right and left ventricular functional analysis during gated whole-chest MDCT: a feasibility study comparing automatic segmentation to semi-manual contouring.","2010","European journal of radiology","include","0,95","AI-ECG;Structural-heart-disease;DTA-data","include","1","AI-ECG;Structural-heart-disease;DTA-data","agreement","none","include","no"
"reviewer_A_batch_08rows1751-2000.csv","1","rayyan-550687874","30888071","10.1111/pace.13658","A scoring algorithm for the accurate differential diagnosis of regular wide QRS complex tachycardia.","2019","Pacing and clinical electrophysiology : PACE","include","0,95","AI-ECG;Structural-heart-disease;DTA-data","include","1","AI-ECG;Structural-heart-disease;DTA-data","agreement","none","include","no"
"reviewer_A_batch_08rows1751-2000.csv","5","rayyan-550687878","30707036","10.1161/CIRCEP.118.006878","Novel Method for Assessment of His Bundle Pacing Morphology Using Near Field and Far Field Device Electrograms.","2019","Circulation. Arrhythmia and electrophysiology","include","0,95","AI-ECG;Structural-heart-disease;DTA-data","include","1","AI-ECG;Structural-heart-disease;DTA-data","agreement","none","include","no"
"reviewer_A_batch_08rows1751-2000.csv","6","rayyan-550687879","23346940","10.1111/echo.12138","Novel simple approach for detection of regional perturbations of cardiac function in mouse models of cardiovascular disease.","2013","Echocardiography (Mount Kisco, N.Y.)","include","0,95","AI-ECG;Structural-heart-disease;DTA-data","include","1","AI-ECG;Structural-heart-disease;DTA-data","agreement","none","include","no"
"reviewer_A_batch_08rows1751-2000.csv","8","rayyan-550687881","33296238","10.1161/CIRCEP.120.008509","Sudden Cardiac Death Prediction in Arrhythmogenic Right Ventricular Cardiomyopathy: A Multinational Collaboration.","2021","Circulation. Arrhythmia and electrophysiology","include","0,95","AI-ECG;Structural-heart-disease;DTA-data","include","1","AI-ECG;Structural-heart-disease;DTA-data","agreement","none","include","no"
"reviewer_A_batch_08rows1751-2000.csv","11","rayyan-550687884","23522745","10.1016/j.ejrad.2013.02.023","Novel phase-based noise reduction strategy for quantification of left ventricular function and mass assessment by cardiac CT: comparison with cardiac magnetic resonance.","2013","European journal of radiology","include","0,95","AI-ECG;Structural-heart-disease;DTA-data","include","1","AI-ECG;Structural-heart-disease;DTA-data","agreement","none","include","no"
"reviewer_A_batch_08rows1751-2000.csv","14","rayyan-550687887","22270144","10.1007/s00330-011-2375-0","Quantitative analysis of left ventricular dyssynchrony using cardiac computed tomography versus three-dimensional echocardiography.","2012","European radiology","include","0,95","AI-ECG;Structural-heart-disease;DTA-data","include","1","AI-ECG;Structural-heart-disease;DTA-data","agreement","none","include","no"
"reviewer_A_batch_08rows1751-2000.csv","15","rayyan-550687888","25230363","10.1111/jce.12549","T-wave area predicts response to cardiac resynchronization therapy in patients with left bundle branch block.","2015","Journal of cardiovascular electrophysiology","include","0,95","AI-ECG;Structural-heart-disease;DTA-data","include","1","AI-ECG;Structural-heart-disease;DTA-data","agreement","none","include","no"
"reviewer_A_batch_08rows1751-2000.csv","17","rayyan-550687890","23161702","10.1093/eurheartj/ehs382","Epicardial substrate mapping for ventricular tachycardia ablation in patients with non-ischaemic cardiomyopathy: a new algorithm to differentiate between scar and viable myocardium developed by simultaneous integration of computed tomography and contrast-enhanced magnetic resonance imaging.","2013","European heart journal","include","0,95","AI-ECG;Structural-heart-disease;DTA-data","include","1","AI-ECG;Structural-heart-disease;DTA-data","agreement","none","include","no"
"reviewer_A_batch_08rows1751-2000.csv","25","rayyan-550687898","38757370","10.1111/jce.16310","Activation pattern of the coronary sinus facilitates the differentiation for ventricular outflow tract arrhythmias.","2024","Journal of cardiovascular electrophysiology","include","0,95","AI-ECG;Structural-heart-disease;DTA-data","include","1","AI-ECG;Structural-heart-disease;DTA-data","agreement","none","include","no"
"reviewer_A_batch_08rows1751-2000.csv","26","rayyan-550687899","19816974","10.1002/clc.20347","A new electrocardiographic algorithm to locate the occlusion in left anterior descending coronary artery.","2009","Clinical cardiology","include","0,95","AI-ECG;Structural-heart-disease;DTA-data","include","1","AI-ECG;Structural-heart-disease;DTA-data","agreement","none","include","no"
"reviewer_A_batch_08rows1751-2000.csv","27","rayyan-550687900","40140751","10.1186/s12872-025-04642-7","Development and validation of an integrated prognostic model for all-cause mortality in heart failure: a comprehensive analysis combining clinical, electrocardiographic, and echocardiographic parameters.","2025","BMC cardiovascular disorders","include","0,95","AI-ECG;Structural-heart-disease;DTA-data","include","1","AI-ECG;Structural-heart-disease;DTA-data","agreement","none","include","no"
"reviewer_A_batch_08rows1751-2000.csv","30","rayyan-550687903","10501277","10.1177/204748739900600410","Factors in cardiac risk stratification of candidates for renal transplant.","1999","Journal of cardiovascular risk","include","0,95","AI-ECG;Structural-heart-disease;DTA-data","include","1","AI-ECG;Structural-heart-disease;DTA-data","agreement","none","include","no"
"reviewer_A_batch_08rows1751-2000.csv","43","rayyan-550687916","24196450","10.1093/europace/eut303","Heart rate turbulence predicts ICD-resistant mortality in ischaemic heart disease.","2014","Europace : European pacing, arrhythmias, and cardiac electrophysiology : journal           of the working groups on cardiac pacing, arrhythmias, and cardiac cellular            electrophysiology of the European Society of Cardiology","include","0,95","AI-ECG;Structural-heart-disease;DTA-data","include","1","AI-ECG;Structural-heart-disease;DTA-data","agreement","none","include","no"
"reviewer_A_batch_08rows1751-2000.csv","59","rayyan-550687932","40717627","10.1093/ehjacc/zuaf037","Failure of standard contemporary ST-elevation myocardial infarction electrocardiogram criteria to reliably identify acute occlusion of the left anterior descending coronary artery.","2025","European heart journal. Acute cardiovascular care","include","0,95","AI-ECG;Structural-heart-disease;DTA-data","include","1","AI-ECG;Structural-heart-disease;DTA-data","agreement","none","include","no"
"reviewer_A_batch_08rows1751-2000.csv","65","rayyan-550687938","29073315","10.12788/jhm.2866","Derivation of a Clinical Model to Predict Unchanged Inpatient Echocardiograms.","2018","Journal of hospital medicine","include","0,95","AI-ECG;Structural-heart-disease;DTA-data","include","1","AI-ECG;Structural-heart-disease;DTA-data","agreement","none","include","no"
"reviewer_A_batch_08rows1751-2000.csv","80","rayyan-550687953","27743294","10.1007/s12350-016-0673-2","""Same-Patient Processing"" for multiple cardiac SPECT studies. 1. Improving LV segmentation accuracy.","2016","Journal of nuclear cardiology : official publication of the American Society of           Nuclear Cardiology","include","0,95","AI-ECG;Structural-heart-disease;DTA-data","include","1","AI-ECG;Structural-heart-disease;DTA-data","agreement","none","include","no"
"reviewer_A_batch_08rows1751-2000.csv","81","rayyan-550687954","25301520","10.1016/j.jelectrocard.2014.09.002","Left ventricular electrical activation during right ventricular pacing in heart failure patients with LBBB: visualization by electrocardiographic imaging and implications for cardiac resynchronization therapy.","2015","Journal of electrocardiology","include","0,95","AI-ECG;Structural-heart-disease;DTA-data","include","1","AI-ECG;Structural-heart-disease;DTA-data","agreement","none","include","no"
"reviewer_A_batch_08rows1751-2000.csv","92","rayyan-550687965","28110727","10.1016/j.cmpb.2016.09.003","A new approach to early diagnosis of congestive heart failure disease by using Hilbert-Huang transform.","2016","Computer methods and programs in biomedicine","include","0,95","AI-ECG;Structural-heart-disease;DTA-data","include","1","AI-ECG;Structural-heart-disease;DTA-data","agreement","none","include","no"
"reviewer_A_batch_08rows1751-2000.csv","114","rayyan-550687987","19163304","10.1109/IEMBS.2008.4649801","ECG quality measures in telecare monitoring.","2008","Annual International Conference of the IEEE Engineering in Medicine and Biology           Society. IEEE Engineering in Medicine and Biology Society. Annual International            Conference","include","0,95","AI-ECG;Structural-heart-disease;DTA-data","include","1","AI-ECG;Structural-heart-disease;DTA-data","agreement","none","include","no"
"reviewer_A_batch_08rows1751-2000.csv","116","rayyan-550687989","7500262","","[Assessment of right ventricular function by magnetic resonance imaging of old myocardial infarction].","1995","Journal of cardiology","include","0,95","AI-ECG;Structural-heart-disease;DTA-data","include","1","AI-ECG;Structural-heart-disease;DTA-data","agreement","none","include","no"
"reviewer_A_batch_08rows1751-2000.csv","123","rayyan-550687996","31004776","10.1016/j.hrthm.2019.04.026","Conduction patterns of idiopathic arrhythmias from the endocardium and epicardium of outflow tracts: New insights with noninvasive electroanatomic mapping.","2019","Heart rhythm","include","0,95","AI-ECG;Structural-heart-disease;DTA-data","include","1","AI-ECG;Structural-heart-disease;DTA-data","agreement","none","include","no"
"reviewer_A_batch_08rows1751-2000.csv","128","rayyan-550688001","41151651","10.1016/j.ijcard.2025.133976","A simple clinical scoring model to predict significant left main/three-vessel disease in non-ST elevation acute coronary syndrome: The MADISON score.","2026","International journal of cardiology","include","0,95","AI-ECG;Structural-heart-disease;DTA-data","include","1","AI-ECG;Structural-heart-disease;DTA-data","agreement","none","include","no"
"reviewer_A_batch_08rows1751-2000.csv","144","rayyan-550688018","21539643","10.1111/j.1540-8167.2011.02082.x","Heart rate turbulence can predict cardiac mortality following myocardial infarction in patients with diabetes mellitus.","2011","Journal of cardiovascular electrophysiology","include","0,95","AI-ECG;Structural-heart-disease;DTA-data","include","1","AI-ECG;Structural-heart-disease;DTA-data","agreement","none","include","no"
"reviewer_A_batch_08rows1751-2000.csv","150","rayyan-550688024","21110103","10.1007/s10554-010-9746-5","Correspondence between gated SPECT and cardiac magnetic resonance quantified myocardial wall thickening.","2011","The international journal of cardiovascular imaging","include","0,95","AI-ECG;Structural-heart-disease;DTA-data","include","1","AI-ECG;Structural-heart-disease;DTA-data","agreement","none","include","no"
"reviewer_A_batch_08rows1751-2000.csv","154","rayyan-550688028","34276021","10.1536/ihj.21-067","Portable Device Improves the Detection of Atrial Fibrillation After Ablation.","2021","International heart journal","include","0,95","AI-ECG;Structural-heart-disease;DTA-data","include","1","AI-ECG;Structural-heart-disease;DTA-data","agreement","none","include","no"
"reviewer_A_batch_08rows1751-2000.csv","155","rayyan-550688029","18297503","10.1080/03091900600861574","DSP implementation of a heart valve disorder detection system from a phonocardiogram signal.","2008","Journal of medical engineering & technology","include","0,95","AI-ECG;Structural-heart-disease;DTA-data","include","1","AI-ECG;Structural-heart-disease;DTA-data","agreement","none","include","no"
"reviewer_A_batch_08rows1751-2000.csv","158","rayyan-550688032","37402219","10.1111/pace.14774","Paced P-wave morphology templates to guide atrial tachycardia localization: A derivation and validation study.","2023","Pacing and clinical electrophysiology : PACE","include","0,95","AI-ECG;Structural-heart-disease;DTA-data","include","1","AI-ECG;Structural-heart-disease;DTA-data","agreement","none","include","no"
"reviewer_A_batch_08rows1751-2000.csv","190","rayyan-550688064","26025203","10.1016/j.jelectrocard.2015.04.015","Validation of PR interval length as a criterion for development of atrial fibrillation in non-Hispanic whites, African Americans and Hispanics.","2015","Journal of electrocardiology","include","0,95","AI-ECG;Structural-heart-disease;DTA-data","include","1","AI-ECG;Structural-heart-disease;DTA-data","agreement","none","include","no"
"reviewer_A_batch_08rows1751-2000.csv","194","rayyan-550688068","16949495","10.1016/j.jacc.2006.03.058","P-wave morphology in focal atrial tachycardia: development of an algorithm to predict the anatomic site of origin.","2006","Journal of the American College of Cardiology","include","0,95","AI-ECG;Structural-heart-disease;DTA-data","include","1","AI-ECG;Structural-heart-disease;DTA-data","agreement","none","include","no"
"reviewer_A_batch_08rows1751-2000.csv","223","rayyan-550688097","16679262","10.1016/j.cardfail.2006.01.012","The combined utility of an S3 heart sound and B-type natriuretic peptide levels in emergency department patients with dyspnea.","2006","Journal of cardiac failure","include","0,95","AI-ECG;Structural-heart-disease;DTA-data","include","1","AI-ECG;Structural-heart-disease;DTA-data","agreement","none","include","no"
"reviewer_A_batch_09rows2001-2250.csv","15","rayyan-550688139","25175175","10.1016/j.jelectrocard.2014.08.001","How can computerized interpretation algorithms adapt to gender/age differences in ECG measurements?","2014","Journal of electrocardiology","include","0,95","AI-ECG;Structural-heart-disease;DTA-data","include","1","AI-ECG;Structural-heart-disease;DTA-data","agreement","none","include","no"
"reviewer_A_batch_09rows2001-2250.csv","30","rayyan-550688154","19382861","10.1089/tmj.2008.0098","Lifelink: 3G-based mobile telemedicine system.","2009","Telemedicine journal and e-health : the official journal of the American           Telemedicine Association","include","0,95","AI-ECG;Structural-heart-disease;DTA-data","include","1","AI-ECG;Structural-heart-disease;DTA-data","agreement","none","include","no"
"reviewer_A_batch_09rows2001-2250.csv","37","rayyan-550688161","21982040","10.1016/j.jelectrocard.2011.08.012","Specificity of the wide QRS complex tachycardia algorithms in recipients of cardiac resynchronization therapy.","2012","Journal of electrocardiology","include","0,95","AI-ECG;Structural-heart-disease;DTA-data","include","1","AI-ECG;Structural-heart-disease;DTA-data","agreement","none","include","no"
"reviewer_A_batch_09rows2001-2250.csv","44","rayyan-550688168","19149792","10.1111/j.1542-474X.2008.00274.x","QT variability during rest and exercise in patients with implantable cardioverter defibrillators and healthy controls.","2009","Annals of noninvasive electrocardiology : the official journal of the           International Society for Holter and Noninvasive Electrocardiology, Inc","include","0,95","AI-ECG;Structural-heart-disease;DTA-data","include","1","AI-ECG;Structural-heart-disease;DTA-data","agreement","none","include","no"
"reviewer_A_batch_09rows2001-2250.csv","45","rayyan-550688169","25769563","10.1016/j.transproceed.2014.11.034","Dobutamine stress echocardiography in the diagnosis of asymptomatic ischemic heart disease in patients with chronic kidney disease--review of literature and single-center experience.","2015","Transplantation proceedings","include","0,95","AI-ECG;Structural-heart-disease;DTA-data","include","1","AI-ECG;Structural-heart-disease;DTA-data","agreement","none","include","no"
"reviewer_A_batch_09rows2001-2250.csv","51","rayyan-550688175","25119893","10.5935/abc.20140120","Assessing strategies for heart failure with preserved ejection fraction at the outpatient clinic.","2014","Arquivos brasileiros de cardiologia","include","0,95","AI-ECG;Structural-heart-disease;DTA-data","include","1","AI-ECG;Structural-heart-disease;DTA-data","agreement","none","include","no"
"reviewer_A_batch_09rows2001-2250.csv","65","rayyan-550688189","26248989","10.1016/j.jacc.2015.06.020","Identification of Typical Left Bundle Branch Block Contraction by Strain Echocardiography Is Additive to Electrocardiography in Prediction of Long-Term Outcome After Cardiac Resynchronization Therapy.","2015","Journal of the American College of Cardiology","include","0,95","AI-ECG;Structural-heart-disease;DTA-data","include","1","AI-ECG;Structural-heart-disease;DTA-data","agreement","none","include","no"
"reviewer_A_batch_09rows2001-2250.csv","74","rayyan-550688198","19091898","10.2967/jnumed.108.056051","Quantification of left ventricular volumes and ejection fraction in mice using PET, compared with MRI.","2009","Journal of nuclear medicine : official publication, Society of Nuclear Medicine","include","0,95","AI-ECG;Structural-heart-disease;DTA-data","include","1","AI-ECG;Structural-heart-disease;DTA-data","agreement","none","include","no"
"reviewer_A_batch_09rows2001-2250.csv","83","rayyan-550688207","23552339","10.1186/1471-2261-13-26","Microvolt T wave alternans in adults with congenital heart diseases characterized by right ventricle pathology or single ventricle physiology: a case control study.","2013","BMC cardiovascular disorders","include","0,95","AI-ECG;Structural-heart-disease;DTA-data","include","1","AI-ECG;Structural-heart-disease;DTA-data","agreement","none","include","no"
"reviewer_A_batch_09rows2001-2250.csv","94","rayyan-550688218","38156471","10.1161/JAHA.123.031671","Quantitative Prediction of Right Ventricular Size and Function From the ECG.","2024","Journal of the American Heart Association","include","0,95","AI-ECG;Structural-heart-disease;DTA-data","include","1","AI-ECG;Structural-heart-disease;DTA-data","agreement","none","include","no"
"reviewer_A_batch_09rows2001-2250.csv","100","rayyan-550688224","40877767","10.1186/s12872-025-05015-w","Clinical and echocardiographic outcomes of sync-atrioventricular versus nominal optimization in correlation with QRS narrowing among CRT patients.","2025","BMC cardiovascular disorders","include","0,95","AI-ECG;Structural-heart-disease;DTA-data","include","1","AI-ECG;Structural-heart-disease;DTA-data","agreement","none","include","no"
"reviewer_A_batch_09rows2001-2250.csv","102","rayyan-550688226","33750897","10.1038/s42003-021-01824-9","Using smart speakers to contactlessly monitor heart rhythms.","2021","Communications biology","include","0,95","AI-ECG;Structural-heart-disease;DTA-data","include","1","AI-ECG;Structural-heart-disease;DTA-data","agreement","none","include","no"
"reviewer_A_batch_09rows2001-2250.csv","104","rayyan-550688228","16191111","10.1111/j.1540-8167.2005.40749.x","Idiopathic left ventricular tachycardia originating from the mitral annulus.","2005","Journal of cardiovascular electrophysiology","include","0,95","AI-ECG;Structural-heart-disease;DTA-data","include","1","AI-ECG;Structural-heart-disease;DTA-data","agreement","none","include","no"
"reviewer_A_batch_09rows2001-2250.csv","128","rayyan-550688253","22258114","10.1093/ageing/afr181","Applicability of current diagnostic algorithms in geriatric patients suspected of new, slow onset heart failure.","2012","Age and ageing","include","0,95","AI-ECG;Structural-heart-disease;DTA-data","include","1","AI-ECG;Structural-heart-disease;DTA-data","agreement","none","include","no"
"reviewer_A_batch_09rows2001-2250.csv","149","rayyan-550688274","1858628","10.1016/0002-8703(91)91003-6","Late potentials are unaltered by ventricular filling pressure reduction in heart failure.","1991","American heart journal","include","0,95","AI-ECG;Structural-heart-disease;DTA-data","include","1","AI-ECG;Structural-heart-disease;DTA-data","agreement","none","include","no"
"reviewer_A_batch_09rows2001-2250.csv","153","rayyan-550688278","7722117","10.1016/0735-1097(94)00553-3","Relations between heart failure, ejection fraction, arrhythmia suppression and mortality: analysis of the Cardiac Arrhythmia Suppression Trial.","1995","Journal of the American College of Cardiology","include","0,95","AI-ECG;Structural-heart-disease;DTA-data","include","1","AI-ECG;Structural-heart-disease;DTA-data","agreement","none","include","no"
"reviewer_A_batch_09rows2001-2250.csv","159","rayyan-550688284","17359959","10.1016/j.compbiomed.2007.01.012","Combining classical HRV indices with wavelet entropy measures improves to performance in diagnosing congestive heart failure.","2007","Computers in biology and medicine","include","0,95","AI-ECG;Structural-heart-disease;DTA-data","include","1","AI-ECG;Structural-heart-disease;DTA-data","agreement","none","include","no"
"reviewer_A_batch_09rows2001-2250.csv","161","rayyan-550688286","33392274","10.3389/fcvm.2020.609976","Detection of Left Atrial Enlargement Using a Convolutional Neural Network-Enabled Electrocardiogram.","2020","Frontiers in cardiovascular medicine","include","0,95","AI-ECG;Structural-heart-disease;DTA-data","include","1","AI-ECG;Structural-heart-disease;DTA-data","agreement","none","include","no"
"reviewer_A_batch_09rows2001-2250.csv","169","rayyan-550688294","9475572","10.1111/j.1540-8167.1998.tb00861.x","Development and validation of an ECG algorithm for identifying accessory pathway ablation site in Wolff-Parkinson-White syndrome.","1998","Journal of cardiovascular electrophysiology","include","0,95","AI-ECG;Structural-heart-disease;DTA-data","include","1","AI-ECG;Structural-heart-disease;DTA-data","agreement","none","include","no"
"reviewer_A_batch_09rows2001-2250.csv","171","rayyan-550688296","32014001","10.1186/s12968-020-0597-5","Respiratory motion-compensated high-resolution 3D whole-heart T1rho mapping.","2020","Journal of cardiovascular magnetic resonance : official journal of the Society           for Cardiovascular Magnetic Resonance","include","0,95","AI-ECG;Structural-heart-disease;DTA-data","include","1","AI-ECG;Structural-heart-disease;DTA-data","agreement","none","include","no"
"reviewer_A_batch_09rows2001-2250.csv","178","rayyan-550688303","21609390","10.1111/j.1751-7133.2011.00223.x","Prediction values of T wave alternans for sudden cardiac death in patients with chronic heart failure: a brief review.","2011","Congestive heart failure (Greenwich, Conn.)","include","0,95","AI-ECG;Structural-heart-disease;DTA-data","include","1","AI-ECG;Structural-heart-disease;DTA-data","agreement","none","include","no"
"reviewer_A_batch_09rows2001-2250.csv","189","rayyan-550688314","11139930","10.1111/j.1540-8159.2000.tb07025.x","Enhanced rate response algorithm for orthostatic compensation pacing.","2000","Pacing and clinical electrophysiology : PACE","include","0,95","AI-ECG;Structural-heart-disease;DTA-data","include","1","AI-ECG;Structural-heart-disease;DTA-data","agreement","none","include","no"
"reviewer_A_batch_09rows2001-2250.csv","200","rayyan-550688325","1835677","10.1161/01.cir.84.6.2442","Identification of first acute Q wave and non-Q wave myocardial infarction by multivariate analysis of body surface potential maps.","1991","Circulation","include","0,95","AI-ECG;Structural-heart-disease;DTA-data","include","1","AI-ECG;Structural-heart-disease;DTA-data","agreement","none","include","no"
"reviewer_A_batch_09rows2001-2250.csv","204","rayyan-550688329","28659139","10.1186/s12872-017-0610-6","The unique value of cardiovascular magnetic resonance in patients with suspected acute coronary syndrome and culprit-free coronary angiograms.","2017","BMC cardiovascular disorders","include","0,95","AI-ECG;Structural-heart-disease;DTA-data","include","1","AI-ECG;Structural-heart-disease;DTA-data","agreement","none","include","no"
"reviewer_A_batch_09rows2001-2250.csv","206","rayyan-550688331","20840783","10.1186/1532-429X-12-51","Staged cardiovascular magnetic resonance for differential diagnosis of troponin T positive patients with low likelihood for acute coronary syndrome.","2010","Journal of cardiovascular magnetic resonance : official journal of the Society           for Cardiovascular Magnetic Resonance","include","0,95","AI-ECG;Structural-heart-disease;DTA-data","include","1","AI-ECG;Structural-heart-disease;DTA-data","agreement","none","include","no"
"reviewer_A_batch_09rows2001-2250.csv","220","rayyan-550688345","41205158","10.1111/echo.70331","""Electrocardiographic and Echocardiographic Monitoring for Early Chemotherapy-Induced Cardiotoxicity: A Systematic Review and Meta-Analysis"".","2025","Echocardiography (Mount Kisco, N.Y.)","include","0,95","AI-ECG;Structural-heart-disease;DTA-data","include","1","AI-ECG;Structural-heart-disease;DTA-data","agreement","none","include","no"
"reviewer_A_batch_09rows2001-2250.csv","232","rayyan-550688357","28851729","10.1161/CIRCULATIONAHA.117.030583","Assessment of Remote Heart Rhythm Sampling Using the AliveCor Heart Monitor to Screen for Atrial Fibrillation: The REHEARSE-AF Study.","2017","Circulation","include","0,95","AI-ECG;Structural-heart-disease;DTA-data","include","1","AI-ECG;Structural-heart-disease;DTA-data","agreement","none","include","no"
"reviewer_A_batch_09rows2001-2250.csv","239","rayyan-550688364","33991857","10.1016/j.compbiomed.2021.104457","Automated detection of coronary artery disease, myocardial infarction and congestive heart failure using GaborCNN model with ECG signals.","2021","Computers in biology and medicine","include","0,95","AI-ECG;Structural-heart-disease;DTA-data","include","1","AI-ECG;Structural-heart-disease;DTA-data","agreement","none","include","no"
"reviewer_A_batch_09rows2001-2250.csv","241","rayyan-550688366","35446875","10.1371/journal.pone.0266955","Optimal opportunistic screening of atrial fibrillation using pulse palpation in cardiology outpatient clinics: Who and how.","2022","PloS one","include","0,95","AI-ECG;Structural-heart-disease;DTA-data","include","1","AI-ECG;Structural-heart-disease;DTA-data","agreement","none","include","no"
"reviewer_A_batch_09rows2001-2250.csv","248","rayyan-550688373","39650275","10.17691/stm2024.16.3.05","Digital Electrocardiographic Complex for Risk Stratification of Paroxysmal Atrial Fibrillation.","2024","Sovremennye tekhnologii v meditsine","include","0,95","AI-ECG;Structural-heart-disease;DTA-data","include","1","AI-ECG;Structural-heart-disease;DTA-data","agreement","none","include","no"
"reviewer_A_batch_10rows2251-2500.csv","18","rayyan-550688393","24806530","10.1111/jce.12330","Distinguishing ventricular arrhythmia originating from the right coronary cusp, peripulmonic valve area, and the right ventricular outflow tract: utility of lead I.","2014","Journal of cardiovascular electrophysiology","include","0,95","AI-ECG;Structural-heart-disease;DTA-data","include","1","AI-ECG;Structural-heart-disease;DTA-data","agreement","none","include","no"
"reviewer_A_batch_10rows2251-2500.csv","22","rayyan-550688397","41065269","10.1161/JAHA.125.041313","Interatrial Block Detected by a Series of ECGs Before and During Acute Coronary Syndrome Predicts Atrial Fibrillation, Atrial Flutter, and Ischemic Stroke.","2025","Journal of the American Heart Association","include","0,95","AI-ECG;Structural-heart-disease;DTA-data","include","1","AI-ECG;Structural-heart-disease;DTA-data","agreement","none","include","no"
"reviewer_A_batch_10rows2251-2500.csv","24","rayyan-550688399","35216915","10.1016/j.jvc.2022.01.004","Prospective evaluation of the combined value of physical examination and biomarker variables in screening for preclinical dilated cardiomyopathy in Doberman Pinschers.","2022","Journal of veterinary cardiology : the official journal of the European Society           of Veterinary Cardiology","include","0,95","AI-ECG;Structural-heart-disease;DTA-data","include","1","AI-ECG;Structural-heart-disease;DTA-data","agreement","none","include","no"
"reviewer_A_batch_10rows2251-2500.csv","27","rayyan-550688402","10849872","10.1016/s0733-8651(05)70140-5","Application of noninvasive and invasive tests for risk assessment in patients with ventricular arrhythmias.","2000","Cardiology clinics","include","0,95","AI-ECG;Structural-heart-disease;DTA-data","include","1","AI-ECG;Structural-heart-disease;DTA-data","agreement","none","include","no"
"reviewer_A_batch_10rows2251-2500.csv","31","rayyan-550688406","35328207","10.3390/diagnostics12030654","Artificial Intelligence-Enhanced Smartwatch ECG for Heart Failure-Reduced Ejection Fraction Detection by Generating 12-Lead ECG.","2022","Diagnostics (Basel, Switzerland)","include","0,95","AI-ECG;Structural-heart-disease;DTA-data","include","1","AI-ECG;Structural-heart-disease;DTA-data","agreement","none","include","no"
"reviewer_A_batch_10rows2251-2500.csv","39","rayyan-550688414","24639140","10.1002/ejhf.79","Long-term effectiveness of the combined minute ventilation and patient activity sensors as predictor of heart failure events in patients treated with cardiac resynchronization therapy: Results of the Clinical Evaluation of the Physiological Diagnosis Function in the PARADYM CRT device Trial (CLEP...","2014","European journal of heart failure","include","0,95","AI-ECG;Structural-heart-disease;DTA-data","include","1","AI-ECG;Structural-heart-disease;DTA-data","agreement","none","include","no"
"reviewer_A_batch_10rows2251-2500.csv","46","rayyan-550688421","29060109","10.1109/EMBC.2017.8037065","Physiologically motivated detection of Atrial Fibrillation.","2017","Annual International Conference of the IEEE Engineering in Medicine and Biology           Society. IEEE Engineering in Medicine and Biology Society. Annual International            Conference","include","0,95","AI-ECG;Structural-heart-disease;DTA-data","include","1","AI-ECG;Structural-heart-disease;DTA-data","agreement","none","include","no"
"reviewer_A_batch_10rows2251-2500.csv","49","rayyan-550688424","31385256","10.1007/s40292-019-00334-4","Opportunistic Screening for Atrial Fibrillation in the Pharmacies: A Population-Based Cross-Sectional Study.","2019","High blood pressure & cardiovascular prevention : the official journal of the           Italian Society of Hypertension","include","0,95","AI-ECG;Structural-heart-disease;DTA-data","include","1","AI-ECG;Structural-heart-disease;DTA-data","agreement","none","include","no"
"reviewer_A_batch_10rows2251-2500.csv","50","rayyan-550688425","42090146","10.1001/jamacardio.2026.0908","Artificial Intelligence Electrocardiogram and Left Ventricular Systolic Dysfunction in Kenya.","2026","JAMA cardiology","include","0,95","AI-ECG;Structural-heart-disease;DTA-data","include","1","AI-ECG;Structural-heart-disease;DTA-data","agreement","none","include","no"
"reviewer_A_batch_10rows2251-2500.csv","54","rayyan-550688429","34777736","10.1155/2021/5802722","ECG Signal-Enabled Automatic Diagnosis Technology of Heart Failure.","2021","Journal of healthcare engineering","include","0,95","AI-ECG;Structural-heart-disease;DTA-data","include","1","AI-ECG;Structural-heart-disease;DTA-data","agreement","none","include","no"
"reviewer_A_batch_10rows2251-2500.csv","60","rayyan-550688435","34384546","10.1016/j.jacc.2021.06.016","Clinical Risk Prediction in Patients With Left Ventricular Myocardial Noncompaction.","2021","Journal of the American College of Cardiology","include","0,95","AI-ECG;Structural-heart-disease;DTA-data","include","1","AI-ECG;Structural-heart-disease;DTA-data","agreement","none","include","no"
"reviewer_A_batch_10rows2251-2500.csv","64","rayyan-550688439","40378902","10.1016/j.tcm.2025.04.007","Premature ventricular complexes and non-sustained ventricular tachycardia in older women.","2025","Trends in cardiovascular medicine","include","0,95","AI-ECG;Structural-heart-disease;DTA-data","include","1","AI-ECG;Structural-heart-disease;DTA-data","agreement","none","include","no"
"reviewer_A_batch_10rows2251-2500.csv","65","rayyan-550688440","26304712","10.1016/j.hrthm.2015.08.030","Radiofrequency catheter ablation of ventricular arrhythmias originating from the continuum between the aortic sinus of Valsalva and the left ventricular summit: Electrocardiographic characteristics and correlative anatomy.","2016","Heart rhythm","include","0,95","AI-ECG;Structural-heart-disease;DTA-data","include","1","AI-ECG;Structural-heart-disease;DTA-data","agreement","none","include","no"
"reviewer_A_batch_10rows2251-2500.csv","71","rayyan-550688446","18382261","10.1097/01.JCN.0000305069.64860.51","Electrocardiographic predictors of sudden cardiac death.","2008","The Journal of cardiovascular nursing","include","0,95","AI-ECG;Structural-heart-disease;DTA-data","include","1","AI-ECG;Structural-heart-disease;DTA-data","agreement","none","include","no"
"reviewer_A_batch_10rows2251-2500.csv","74","rayyan-550688449","41570383","10.1088/1361-6579/ae3c56","Data-driven pediatric ECG reference intervals with VSD-based validation.","2026","Physiological measurement","include","0,95","AI-ECG;Structural-heart-disease;DTA-data","include","1","AI-ECG;Structural-heart-disease;DTA-data","agreement","none","include","no"
"reviewer_A_batch_10rows2251-2500.csv","75","rayyan-550688450","23394896","10.1016/j.ijcard.2013.01.004","Prognostic relevance of baseline pro- and anti-inflammatory markers in STEMI: an APEX AMI substudy.","2013","International journal of cardiology","include","0,95","AI-ECG;Structural-heart-disease;DTA-data","include","1","AI-ECG;Structural-heart-disease;DTA-data","agreement","none","include","no"
"reviewer_A_batch_10rows2251-2500.csv","83","rayyan-550688458","28479514","10.1016/j.hrthm.2017.04.041","Comprehensive use of cardiac computed tomography to guide left ventricular lead placement in cardiac resynchronization therapy.","2017","Heart rhythm","include","0,95","AI-ECG;Structural-heart-disease;DTA-data","include","1","AI-ECG;Structural-heart-disease;DTA-data","agreement","none","include","no"
"reviewer_A_batch_10rows2251-2500.csv","84","rayyan-550688459","25112169","10.1111/jce.12527","The roles of the Q (q) wave in lead I and QRS frontal axis for diagnosing loss of left ventricular capture during cardiac resynchronization therapy.","2015","Journal of cardiovascular electrophysiology","include","0,95","AI-ECG;Structural-heart-disease;DTA-data","include","1","AI-ECG;Structural-heart-disease;DTA-data","agreement","none","include","no"
"reviewer_A_batch_10rows2251-2500.csv","98","rayyan-550688473","8734161","","Nonsustained ventricular tachycardia in ischemic heart disease: when and which pharmacological treatment?","1996","Archives des maladies du coeur et des vaisseaux","include","0,95","AI-ECG;Structural-heart-disease;DTA-data","include","1","AI-ECG;Structural-heart-disease;DTA-data","agreement","none","include","no"
"reviewer_A_batch_10rows2251-2500.csv","117","rayyan-550688493","39392161","10.1161/JAHA.124.035501","Personalized Intervention Strategy Based on a Risk Score Generated From Subcutaneous Insertable Cardiac Monitor: Results From Phase 1 of ALLEVIATE-HF.","2024","Journal of the American Heart Association","include","0,95","AI-ECG;Structural-heart-disease;DTA-data","include","1","AI-ECG;Structural-heart-disease;DTA-data","agreement","none","include","no"
"reviewer_A_batch_10rows2251-2500.csv","130","rayyan-550688506","22041885","10.1093/europace/eur335","Discordant electrical and mechanical atrial delays affect intracavitary electrogram-based cardiac resynchronization therapy optimization.","2012","Europace : European pacing, arrhythmias, and cardiac electrophysiology : journal           of the working groups on cardiac pacing, arrhythmias, and cardiac cellular            electrophysiology of the European Society of Cardiology","include","0,95","AI-ECG;Structural-heart-disease;DTA-data","include","1","AI-ECG;Structural-heart-disease;DTA-data","agreement","none","include","no"
"reviewer_A_batch_10rows2251-2500.csv","133","rayyan-550688509","19892713","10.1093/europace/eup337","A prospective comparison of echocardiography and device algorithms for atrioventricular and interventricular interval optimization in cardiac resynchronization therapy.","2010","Europace : European pacing, arrhythmias, and cardiac electrophysiology : journal           of the working groups on cardiac pacing, arrhythmias, and cardiac cellular            electrophysiology of the European Society of Cardiology","include","0,95","AI-ECG;Structural-heart-disease;DTA-data","include","1","AI-ECG;Structural-heart-disease;DTA-data","agreement","none","include","no"
"reviewer_A_batch_10rows2251-2500.csv","142","rayyan-550688518","38946066","10.1111/jce.16340","Clinical use of CRT-D devices with left ventricular sensing: Impact of the desynchronization-detection algorithm.","2024","Journal of cardiovascular electrophysiology","include","0,95","AI-ECG;Structural-heart-disease;DTA-data","include","1","AI-ECG;Structural-heart-disease;DTA-data","agreement","none","include","no"
"reviewer_A_batch_10rows2251-2500.csv","158","rayyan-550688534","16402597","10.1109/tbme.2005.859779","Analysis of heartbeat dynamics by point process adaptive filtering.","2006","IEEE transactions on bio-medical engineering","include","0,95","AI-ECG;Structural-heart-disease;DTA-data","include","1","AI-ECG;Structural-heart-disease;DTA-data","agreement","none","include","no"
"reviewer_A_batch_10rows2251-2500.csv","159","rayyan-550688535","15783351","10.1103/PhysRevE.71.021906","Multiscale entropy analysis of biological signals.","2005","Physical review. E, Statistical, nonlinear, and soft matter physics","include","0,95","AI-ECG;Structural-heart-disease;DTA-data","include","1","AI-ECG;Structural-heart-disease;DTA-data","agreement","none","include","no"
"reviewer_A_batch_10rows2251-2500.csv","170","rayyan-550688546","29506756","10.1016/j.jelectrocard.2018.01.005","Defining the pattern of initiation of monomorphic ventricular tachycardia using the beat-to-beat intervals recorded on implantable cardioverter defibrillators from the RAFT study: A computer-based algorithm.","2018","Journal of electrocardiology","include","0,95","AI-ECG;Structural-heart-disease;DTA-data","include","1","AI-ECG;Structural-heart-disease;DTA-data","agreement","none","include","no"
"reviewer_A_batch_10rows2251-2500.csv","171","rayyan-550688547","29038172","10.1161/CIRCHEARTFAILURE.117.004111","Precision Medicine for Cardiac Resynchronization: Predicting Quality of Life Benefits for Individual Patients-An Analysis From 5 Clinical Trials.","2017","Circulation. Heart failure","include","0,95","AI-ECG;Structural-heart-disease;DTA-data","include","1","AI-ECG;Structural-heart-disease;DTA-data","agreement","none","include","no"
"reviewer_A_batch_10rows2251-2500.csv","181","rayyan-550688557","21971974","10.1007/s00392-011-0369-1","Remote monitoring of heart failure patients using implantable cardiac pacing devices and external sensors: results of the Insight-HF study.","2012","Clinical research in cardiology : official journal of the German Cardiac Society","include","0,95","AI-ECG;Structural-heart-disease;DTA-data","include","1","AI-ECG;Structural-heart-disease;DTA-data","agreement","none","include","no"
"reviewer_A_batch_10rows2251-2500.csv","182","rayyan-550688558","21208231","10.1111/j.1540-8159.2010.02992.x","Muscle noise effects on atrial evoked response sensing: implications on atrial auto-threshold and auto-capture determination.","2011","Pacing and clinical electrophysiology : PACE","include","0,95","AI-ECG;Structural-heart-disease;DTA-data","include","1","AI-ECG;Structural-heart-disease;DTA-data","agreement","none","include","no"
"reviewer_A_batch_10rows2251-2500.csv","186","rayyan-550688562","19647268","10.1016/j.jelectrocard.2009.06.021","24-hour QT variability in heart failure.","2009","Journal of electrocardiology","include","0,95","AI-ECG;Structural-heart-disease;DTA-data","include","1","AI-ECG;Structural-heart-disease;DTA-data","agreement","none","include","no"
"reviewer_A_batch_10rows2251-2500.csv","189","rayyan-550688565","18308756","10.1093/europace/eun019","Right ventricular pacing is an independent predictor for ventricular tachycardia/ventricular fibrillation occurrence and heart failure events in patients with an implantable cardioverter-defibrillator.","2008","Europace : European pacing, arrhythmias, and cardiac electrophysiology : journal           of the working groups on cardiac pacing, arrhythmias, and cardiac cellular            electrophysiology of the European Society of Cardiology","include","0,95","AI-ECG;Structural-heart-disease;DTA-data","include","1","AI-ECG;Structural-heart-disease;DTA-data","agreement","none","include","no"
"reviewer_A_batch_10rows2251-2500.csv","190","rayyan-550688566","17868954","10.1016/j.annemergmed.2007.07.007","Beyond pulmonary edema: diagnostic, risk stratification, and treatment challenges of acute heart failure management in the emergency department.","2008","Annals of emergency medicine","include","0,95","AI-ECG;Structural-heart-disease;DTA-data","include","1","AI-ECG;Structural-heart-disease;DTA-data","agreement","none","include","no"
"reviewer_A_batch_10rows2251-2500.csv","191","rayyan-550688567","17171301","10.1007/s10439-006-9220-7","Scaling characteristics of heart rate time series before the onset of ventricular tachycardia.","2007","Annals of biomedical engineering","include","0,95","AI-ECG;Structural-heart-disease;DTA-data","include","1","AI-ECG;Structural-heart-disease;DTA-data","agreement","none","include","no"
"reviewer_A_batch_10rows2251-2500.csv","193","rayyan-550688569","16107106","","A new algorithm for preoperative cardiac assessment in patients undergoing pulmonary resection.","2005","Texas Heart Institute journal","include","0,95","AI-ECG;Structural-heart-disease;DTA-data","include","1","AI-ECG;Structural-heart-disease;DTA-data","agreement","none","include","no"
"reviewer_A_batch_10rows2251-2500.csv","217","rayyan-550688593","17061945","10.1515/BMT.2006.043","Normalized correlation dimension for heart rate variability analysis.","2006","Biomedizinische Technik. Biomedical engineering","include","0,95","AI-ECG;Structural-heart-disease;DTA-data","include","1","AI-ECG;Structural-heart-disease;DTA-data","agreement","none","include","no"
"reviewer_A_batch_10rows2251-2500.csv","218","rayyan-550688594","16711836","10.1103/PhysRevE.73.041907","Large-scale dimension densities for heart rate variability analysis.","2006","Physical review. E, Statistical, nonlinear, and soft matter physics","include","0,95","AI-ECG;Structural-heart-disease;DTA-data","include","1","AI-ECG;Structural-heart-disease;DTA-data","agreement","none","include","no"
"reviewer_A_batch_10rows2251-2500.csv","225","rayyan-550688601","40395421","10.1093/ehjdh/ztaf025","Artificial intelligence-enhanced six-lead portable electrocardiogram device for detecting left ventricular systolic dysfunction: a prospective single-centre cohort study.","2025","European heart journal. Digital health","include","0,95","AI-ECG;Structural-heart-disease;DTA-data","include","1","AI-ECG;Structural-heart-disease;DTA-data","agreement","none","include","no"
"reviewer_A_batch_10rows2251-2500.csv","228","rayyan-550688604","39081936","10.1093/ehjdh/ztae029","Hypertrophic cardiomyopathy detection with artificial intelligence electrocardiography in international cohorts: an external validation study.","2024","European heart journal. Digital health","include","0,95","AI-ECG;Structural-heart-disease;DTA-data","include","1","AI-ECG;Structural-heart-disease;DTA-data","agreement","none","include","no"
"reviewer_A_batch_10rows2251-2500.csv","231","rayyan-550688607","36035939","10.3389/fcvm.2022.952089","Deep learning assessment of left ventricular hypertrophy based on electrocardiogram.","2022","Frontiers in cardiovascular medicine","include","0,95","AI-ECG;Structural-heart-disease;DTA-data","include","1","AI-ECG;Structural-heart-disease;DTA-data","agreement","none","include","no"
"reviewer_A_batch_10rows2251-2500.csv","232","rayyan-550688608","41085337","10.5603/cj.104365","Artificial intelligence in heart failure - a comprehensive literature review.","2025","Cardiology journal","include","0,95","AI-ECG;Structural-heart-disease;DTA-data","include","1","AI-ECG;Structural-heart-disease;DTA-data","agreement","none","include","no"
"reviewer_A_batch_10rows2251-2500.csv","233","rayyan-550688609","31596476","10.1093/europace/euz275","Electrocardiographic characterization of non-selective His-bundle pacing: validation of novel diagnostic criteria.","2019","Europace : European pacing, arrhythmias, and cardiac electrophysiology : journal           of the working groups on cardiac pacing, arrhythmias, and cardiac cellular            electrophysiology of the European Society of Cardiology","include","0,95","AI-ECG;Structural-heart-disease;DTA-data","include","1","AI-ECG;Structural-heart-disease;DTA-data","agreement","none","include","no"
"reviewer_A_batch_10rows2251-2500.csv","247","rayyan-550688623","34137515","10.1002/ehf2.13473","Diagnosis of wild-type transthyretin amyloid cardiomyopathy in Japan: red-flag symptom clusters and diagnostic algorithm.","2021","ESC heart failure","include","0,95","AI-ECG;Structural-heart-disease;DTA-data","include","1","AI-ECG;Structural-heart-disease;DTA-data","agreement","none","include","no"
"reviewer_A_batch_10rows2251-2500.csv","248","rayyan-550688624","27489981","10.1016/j.compbiomed.2016.07.001","Beat-to-beat T-wave alternans detection using the Ensemble Empirical Mode Decomposition method.","2016","Computers in biology and medicine","include","0,95","AI-ECG;Structural-heart-disease;DTA-data","include","1","AI-ECG;Structural-heart-disease;DTA-data","agreement","none","include","no"
"reviewer_A_batch_11rows2501-2750.csv","13","rayyan-550688639","37798122","10.1093/eurjpc/zwad321","Deep learned representations of the resting 12-lead electrocardiogram to predict at peak exercise.","2024","European journal of preventive cardiology","include","0,95","AI-ECG;Structural-heart-disease;DTA-data","include","1","AI-ECG;Structural-heart-disease;DTA-data","agreement","none","include","no"
"reviewer_A_batch_11rows2501-2750.csv","19","rayyan-550688645","40108206","10.1038/s41597-025-04777-4","SHDB-AF: a Japanese Holter ECG database of atrial fibrillation.","2025","Scientific data","include","0,95","AI-ECG;Structural-heart-disease;DTA-data","include","1","AI-ECG;Structural-heart-disease;DTA-data","agreement","none","include","no"
"reviewer_A_batch_11rows2501-2750.csv","20","rayyan-550688646","11809350","10.1016/s0895-4356(01)00434-6","A stroke prediction score in the elderly: validation and Web-based application.","2002","Journal of clinical epidemiology","include","0,95","AI-ECG;Structural-heart-disease;DTA-data","include","1","AI-ECG;Structural-heart-disease;DTA-data","agreement","none","include","no"
"reviewer_A_batch_11rows2501-2750.csv","35","rayyan-550688661","24132202","10.1098/rsif.2013.0761","An automated algorithm for online detection of fragmented QRS and identification of its various morphologies.","2013","Journal of the Royal Society, Interface","include","0,95","AI-ECG;Structural-heart-disease;DTA-data","include","1","AI-ECG;Structural-heart-disease;DTA-data","agreement","none","include","no"
"reviewer_A_batch_11rows2501-2750.csv","42","rayyan-550688668","38140904","10.1111/pace.14908","Risk stratifier for sudden cardiac death beyond the left ventricular ejection fraction in Chagas cardiomyopathy.","2024","Pacing and clinical electrophysiology : PACE","include","0,95","AI-ECG;Structural-heart-disease;DTA-data","include","1","AI-ECG;Structural-heart-disease;DTA-data","agreement","none","include","no"
"reviewer_A_batch_11rows2501-2750.csv","44","rayyan-550688670","41564731","10.1016/j.jacadv.2025.102572","Artificial Intelligence-Enhanced Electrocardiogram Models for Detection of Left Ventricular Dysfunction: A Comparison Study.","2026","JACC. Advances","include","0,95","AI-ECG;Structural-heart-disease;DTA-data","include","1","AI-ECG;Structural-heart-disease;DTA-data","agreement","none","include","no"
"reviewer_A_batch_11rows2501-2750.csv","45","rayyan-550688671","38593946","10.1016/j.jacc.2024.03.400","Artificial Intelligence for Cardiovascular Care-Part 1: Advances: JACC Review Topic of the Week.","2024","Journal of the American College of Cardiology","include","0,95","AI-ECG;Structural-heart-disease;DTA-data","include","1","AI-ECG;Structural-heart-disease;DTA-data","agreement","none","include","no"
"reviewer_A_batch_11rows2501-2750.csv","47","rayyan-550688673","18062902","10.1016/j.ejheart.2007.10.004","Value of BNP to estimate cardiac risk in patients on cardioactive treatment in primary care.","2007","European journal of heart failure","include","0,95","AI-ECG;Structural-heart-disease;DTA-data","include","1","AI-ECG;Structural-heart-disease;DTA-data","agreement","none","include","no"
"reviewer_A_batch_11rows2501-2750.csv","52","rayyan-550688678","29667014","10.1007/s00392-018-1253-z","Automatically computed ECG algorithm for the quantification of myocardial scar and the prediction of mortality.","2018","Clinical research in cardiology : official journal of the German Cardiac Society","include","0,95","AI-ECG;Structural-heart-disease;DTA-data","include","1","AI-ECG;Structural-heart-disease;DTA-data","agreement","none","include","no"
"reviewer_A_batch_11rows2501-2750.csv","54","rayyan-550688680","40625551","10.1007/s13534-025-00479-3","Artificial intelligence in ECG-based diagnosis of low left ventricular ejection fraction: a systematic review and meta-analysis.","2025","Biomedical engineering letters","include","0,95","AI-ECG;Structural-heart-disease;DTA-data","include","1","AI-ECG;Structural-heart-disease;DTA-data","agreement","none","include","no"
"reviewer_A_batch_11rows2501-2750.csv","60","rayyan-550688686","10573503","10.1136/hrt.82.6.731","Decreased amplitude of left ventricular posterior wall motion with notch movement to determine the left posterior septal accessory pathway in Wolff-Parkinson-White syndrome.","1999","Heart (British Cardiac Society)","include","0,95","AI-ECG;Structural-heart-disease;DTA-data","include","1","AI-ECG;Structural-heart-disease;DTA-data","agreement","none","include","no"
"reviewer_A_batch_11rows2501-2750.csv","66","rayyan-550688692","34841715","10.1002/ehf2.13693","(99m) Technetium-pyrophosphate scintigraphy: a practical guide for early diagnosis of transthyretin amyloid cardiomyopathy.","2022","ESC heart failure","include","0,95","AI-ECG;Structural-heart-disease;DTA-data","include","1","AI-ECG;Structural-heart-disease;DTA-data","agreement","none","include","no"
"reviewer_A_batch_11rows2501-2750.csv","69","rayyan-550688695","38332169","10.1038/s41598-024-53464-8","Non-contact assessment of cardiac physiology using FO-MVSS-based ballistocardiography: a promising approach for heart failure evaluation.","2024","Scientific reports","include","0,95","AI-ECG;Structural-heart-disease;DTA-data","include","1","AI-ECG;Structural-heart-disease;DTA-data","agreement","none","include","no"
"reviewer_A_batch_11rows2501-2750.csv","73","rayyan-550688699","40845745","10.1016/j.jacadv.2025.102089","Artificial Intelligence-Enabled ECG Screening for LVSD in LBBB: Evaluating Model Development and Transfer Learning Approaches.","2025","JACC. Advances","include","0,95","AI-ECG;Structural-heart-disease;DTA-data","include","1","AI-ECG;Structural-heart-disease;DTA-data","agreement","none","include","no"
"reviewer_A_batch_11rows2501-2750.csv","77","rayyan-550688704","42077383","10.1093/ehjdh/ztag049","Wearable-Echo-FM: an ECG echo foundation model for 1-lead electrocardiography.","2026","European heart journal. Digital health","include","0,95","AI-ECG;Structural-heart-disease;DTA-data","include","1","AI-ECG;Structural-heart-disease;DTA-data","agreement","none","include","no"
"reviewer_A_batch_11rows2501-2750.csv","79","rayyan-550688706","32679267","10.1016/j.hrthm.2020.07.013","Determining the optimal duration for premature ventricular contraction monitoring.","2020","Heart rhythm","include","0,95","AI-ECG;Structural-heart-disease;DTA-data","include","1","AI-ECG;Structural-heart-disease;DTA-data","agreement","none","include","no"
"reviewer_A_batch_11rows2501-2750.csv","81","rayyan-550688708","24646024","10.1111/pace.12384","Universal algorithm for diagnosis of biventricular capture in patients with cardiac resynchronization therapy.","2014","Pacing and clinical electrophysiology : PACE","include","0,95","AI-ECG;Structural-heart-disease;DTA-data","include","1","AI-ECG;Structural-heart-disease;DTA-data","agreement","none","include","no"
"reviewer_A_batch_11rows2501-2750.csv","85","rayyan-550688712","27225514","10.1007/s12350-016-0503-6","Development and validation of a phase analysis tool to measure interventricular mechanical dyssynchrony from gated SPECT MPI.","2017","Journal of nuclear cardiology : official publication of the American Society of           Nuclear Cardiology","include","0,95","AI-ECG;Structural-heart-disease;DTA-data","include","1","AI-ECG;Structural-heart-disease;DTA-data","agreement","none","include","no"
"reviewer_A_batch_11rows2501-2750.csv","87","rayyan-550688714","35699164","10.1161/JAHA.121.024045","Development and Validation of 3-Year Atrial Fibrillation Prediction Models Using Electronic Health Record With or Without Standardized Electrocardiogram Diagnosis and a Performance Comparison Among Models.","2022","Journal of the American Heart Association","include","0,95","AI-ECG;Structural-heart-disease;DTA-data","include","1","AI-ECG;Structural-heart-disease;DTA-data","agreement","none","include","no"
"reviewer_A_batch_11rows2501-2750.csv","99","rayyan-550688726","38009405","10.1002/ehf2.14593","Time-domain heart rate variability features for automatic congestive heart failure prediction.","2024","ESC heart failure","include","0,95","AI-ECG;Structural-heart-disease;DTA-data","include","1","AI-ECG;Structural-heart-disease;DTA-data","agreement","none","include","no"
"reviewer_A_batch_11rows2501-2750.csv","102","rayyan-550688729","27858506","10.1080/10903127.2016.1247200","Causes of Prehospital Misinterpretations of ST Elevation Myocardial Infarction.","2017","Prehospital emergency care","include","0,95","AI-ECG;Structural-heart-disease;DTA-data","include","1","AI-ECG;Structural-heart-disease;DTA-data","agreement","none","include","no"
"reviewer_A_batch_11rows2501-2750.csv","110","rayyan-550688737","40648475","10.3390/s25134220","Synchronous Acquisition and Processing of Electro- and Phono-Cardiogram Signals for Accurate Systolic Times' Measurement in Heart Disease Diagnosis and Monitoring.","2025","Sensors (Basel, Switzerland)","include","0,95","AI-ECG;Structural-heart-disease;DTA-data","include","1","AI-ECG;Structural-heart-disease;DTA-data","agreement","none","include","no"
"reviewer_A_batch_11rows2501-2750.csv","114","rayyan-550688741","31945900","10.1109/EMBC.2019.8856496","Atrial Fibrillation Detection in ICU Patients: A Pilot Study on MIMIC III Data().","2019","Annual International Conference of the IEEE Engineering in Medicine and Biology           Society. IEEE Engineering in Medicine and Biology Society. Annual International            Conference","include","0,95","AI-ECG;Structural-heart-disease;DTA-data","include","1","AI-ECG;Structural-heart-disease;DTA-data","agreement","none","include","no"
"reviewer_A_batch_11rows2501-2750.csv","118","rayyan-550688745","40804802","10.3390/diagnostics15151837","Transparent and Robust Artificial Intelligence-Driven Electrocardiogram Model for Left Ventricular Systolic Dysfunction.","2025","Diagnostics (Basel, Switzerland)","include","0,95","AI-ECG;Structural-heart-disease;DTA-data","include","1","AI-ECG;Structural-heart-disease;DTA-data","agreement","none","include","no"
"reviewer_A_batch_11rows2501-2750.csv","121","rayyan-550688748","38989045","10.1016/j.cvdhj.2024.03.005","Artificial intelligence-based screening for cardiomyopathy in an obstetric population: A pilot study.","2024","Cardiovascular digital health journal","include","0,95","AI-ECG;Structural-heart-disease;DTA-data","include","1","AI-ECG;Structural-heart-disease;DTA-data","agreement","none","include","no"
"reviewer_A_batch_11rows2501-2750.csv","138","rayyan-550688765","28619766","10.1136/bmjopen-2016-013685","Diagnostic performance of an automatic blood pressure measurement device, Microlife WatchBP Home A, for atrial fibrillation screening in a real-world primary care setting.","2017","BMJ open","include","0,95","AI-ECG;Structural-heart-disease;DTA-data","include","1","AI-ECG;Structural-heart-disease;DTA-data","agreement","none","include","no"
"reviewer_A_batch_11rows2501-2750.csv","139","rayyan-550688766","24993461","10.1016/j.hrthm.2014.06.036","Computerized analysis of the 12-lead electrocardiogram to identify epicardial ventricular tachycardia exit sites.","2014","Heart rhythm","include","0,95","AI-ECG;Structural-heart-disease;DTA-data","include","1","AI-ECG;Structural-heart-disease;DTA-data","agreement","none","include","no"
"reviewer_A_batch_11rows2501-2750.csv","149","rayyan-550688776","36857597","10.1093/europace/euad041","Non-invasive three-dimensional electrical activation mapping to predict cardiac resynchronization therapy response: site of latest left ventricular activation relative to pacing site.","2023","Europace : European pacing, arrhythmias, and cardiac electrophysiology : journal           of the working groups on cardiac pacing, arrhythmias, and cardiac cellular            electrophysiology of the European Society of Cardiology","include","0,95","AI-ECG;Structural-heart-disease;DTA-data","include","1","AI-ECG;Structural-heart-disease;DTA-data","agreement","none","include","no"
"reviewer_A_batch_11rows2501-2750.csv","151","rayyan-550688778","40589502","10.37616/2212-5043.1431","Artificial Intelligence-enhanced Electrocardiography for Hypertrophic Cardiomyopathy Diagnosis: A Systematic Review and Meta-analysis.","2025","Journal of the Saudi Heart Association","include","0,95","AI-ECG;Structural-heart-disease;DTA-data","include","1","AI-ECG;Structural-heart-disease;DTA-data","agreement","none","include","no"
"reviewer_A_batch_11rows2501-2750.csv","159","rayyan-550688786","38703375","10.1093/europace/euae127","Competing risks of monomorphic vs. non-monomorphic ventricular arrhythmias in primary prevention implantable cardioverter-defibrillator recipients: Global Electrical Heterogeneity and Clinical Outcomes (GEHCO) study.","2024","Europace : European pacing, arrhythmias, and cardiac electrophysiology : journal           of the working groups on cardiac pacing, arrhythmias, and cardiac cellular            electrophysiology of the European Society of Cardiology","include","0,95","AI-ECG;Structural-heart-disease;DTA-data","include","1","AI-ECG;Structural-heart-disease;DTA-data","agreement","none","include","no"
"reviewer_A_batch_11rows2501-2750.csv","162","rayyan-550688789","36431244","10.3390/jcm11226767","Physicians and Machine-Learning Algorithm Performance in Predicting Left-Ventricular Systolic Dysfunction from a Standard 12-Lead-Electrocardiogram.","2022","Journal of clinical medicine","include","0,95","AI-ECG;Structural-heart-disease;DTA-data","include","1","AI-ECG;Structural-heart-disease;DTA-data","agreement","none","include","no"
"reviewer_A_batch_11rows2501-2750.csv","165","rayyan-550688792","36047166","10.1253/circj.CJ-22-0322","Exploring the Risk Factors of Sudden Cardiac Death Using an Electrocardiography and Medical Ultrasonography for the General Population Without a History of Coronary Artery Disease or Left Ventricular Ejection Fraction <35% and Aged >35 Years　- A Novel Point-Based Prediction Model Based on the Chi...","2022","Circulation journal : official journal of the Japanese Circulation Society","include","0,95","AI-ECG;Structural-heart-disease;DTA-data","include","1","AI-ECG;Structural-heart-disease;DTA-data","agreement","none","include","no"
"reviewer_A_batch_11rows2501-2750.csv","168","rayyan-550688795","36710903","10.1093/ehjdh/ztac065","Importance of external validation and subgroup analysis of artificial intelligence in the detection of low ejection fraction from electrocardiograms.","2022","European heart journal. Digital health","include","0,95","AI-ECG;Structural-heart-disease;DTA-data","include","1","AI-ECG;Structural-heart-disease;DTA-data","agreement","none","include","no"
"reviewer_A_batch_11rows2501-2750.csv","173","rayyan-550688800","32281041","10.1007/s10840-020-00731-z","Non-invasive electroanatomic mapping to reduce mapping time during catheter ablation of outflow tract ventricular premature depolarizations.","2021","Journal of interventional cardiac electrophysiology : an international journal of           arrhythmias and pacing","include","0,95","AI-ECG;Structural-heart-disease;DTA-data","include","1","AI-ECG;Structural-heart-disease;DTA-data","agreement","none","include","no"
"reviewer_A_batch_11rows2501-2750.csv","183","rayyan-550688810","37944176","10.1088/1361-6579/ad0b3e","Improved T-wave detection in electrocardiogram signals based non-stationary wavelet transform and QRS complex cancellation with kurtosis analysis.","2023","Physiological measurement","include","0,95","AI-ECG;Structural-heart-disease;DTA-data","include","1","AI-ECG;Structural-heart-disease;DTA-data","agreement","none","include","no"
"reviewer_A_batch_11rows2501-2750.csv","185","rayyan-550688812","35673097","10.3233/SHTI220158","A Multi-Class Approach for the Automatic Detection of Congestive Heart Failure in Windowed ECG.","2022","Studies in health technology and informatics","include","0,95","AI-ECG;Structural-heart-disease;DTA-data","include","1","AI-ECG;Structural-heart-disease;DTA-data","agreement","none","include","no"
"reviewer_A_batch_11rows2501-2750.csv","189","rayyan-550688816","26157012","10.3238/arztebl.2015.0394","The Diagnosis, Risk Stratification, and Treatment of Brugada Syndrome.","2015","Deutsches Arzteblatt international","include","0,95","AI-ECG;Structural-heart-disease;DTA-data","include","1","AI-ECG;Structural-heart-disease;DTA-data","agreement","none","include","no"
"reviewer_A_batch_11rows2501-2750.csv","191","rayyan-550688818","26391638","10.1186/1472-6947-15-S3-S5","A multi-layer monitoring system for clinical management of Congestive Heart Failure.","2015","BMC medical informatics and decision making","include","0,95","AI-ECG;Structural-heart-disease;DTA-data","include","1","AI-ECG;Structural-heart-disease;DTA-data","agreement","none","include","no"
"reviewer_A_batch_11rows2501-2750.csv","193","rayyan-550688820","37538142","10.1093/ehjdh/ztad037","Predicting left ventricular hypertrophy from the 12-lead electrocardiogram in the UK Biobank imaging study using machine learning.","2023","European heart journal. Digital health","include","0,95","AI-ECG;Structural-heart-disease;DTA-data","include","1","AI-ECG;Structural-heart-disease;DTA-data","agreement","none","include","no"
"reviewer_A_batch_11rows2501-2750.csv","200","rayyan-550688827","31049557","10.1093/eurheartj/ehz260","Arrhythmic risk stratification in post-myocardial infarction patients with preserved ejection fraction: the PRESERVE EF study.","2019","European heart journal","include","0,95","AI-ECG;Structural-heart-disease;DTA-data","include","1","AI-ECG;Structural-heart-disease;DTA-data","agreement","none","include","no"
"reviewer_A_batch_11rows2501-2750.csv","202","rayyan-550688829","29064258","10.1177/2048872617691508","New or presumed new left bundle branch block in patients with suspected ST-elevation myocardial infarction.","2018","European heart journal. Acute cardiovascular care","include","0,95","AI-ECG;Structural-heart-disease;DTA-data","include","1","AI-ECG;Structural-heart-disease;DTA-data","agreement","none","include","no"
"reviewer_A_batch_11rows2501-2750.csv","205","rayyan-550688832","30680412","10.1007/s00059-019-4783-x","[Troponins as biomarkers for myocardial injury and myocardial infarction].","2019","Herz","include","0,95","AI-ECG;Structural-heart-disease;DTA-data","include","1","AI-ECG;Structural-heart-disease;DTA-data","agreement","none","include","no"
"reviewer_A_batch_11rows2501-2750.csv","207","rayyan-550688834","41692786","10.1186/s44348-026-00066-9","Detection and prognostic stratification of left ventricular systolic dysfunction in left bundle branch block using an artificial intelligence-enabled electrocardiography.","2026","Journal of cardiovascular imaging","include","0,95","AI-ECG;Structural-heart-disease;DTA-data","include","1","AI-ECG;Structural-heart-disease;DTA-data","agreement","none","include","no"
"reviewer_A_batch_11rows2501-2750.csv","216","rayyan-550688843","40377047","10.1093/ehjacc/zuaf060","Telecardiology unleashed: probing the depths of effectiveness in remote monitoring and telemedicine applications for acute cardiac conditions.","2025","European heart journal. Acute cardiovascular care","include","0,95","AI-ECG;Structural-heart-disease;DTA-data","include","1","AI-ECG;Structural-heart-disease;DTA-data","agreement","none","include","no"
"reviewer_A_batch_11rows2501-2750.csv","224","rayyan-550688851","33866252","10.1016/j.compbiomed.2021.104367","Prediction of paroxysmal atrial fibrillation using new heart rate variability features.","2021","Computers in biology and medicine","include","0,95","AI-ECG;Structural-heart-disease;DTA-data","include","1","AI-ECG;Structural-heart-disease;DTA-data","agreement","none","include","no"
"reviewer_A_batch_11rows2501-2750.csv","228","rayyan-550688855","41564938","10.1016/j.hjc.2026.01.004","Single-lead ECG-based machine learning model for noninvasive detection of left ventricular hypertrophy in hypertension.","2026","Hellenic journal of cardiology : HJC = Hellenike kardiologike epitheorese","include","0,95","AI-ECG;Structural-heart-disease;DTA-data","include","1","AI-ECG;Structural-heart-disease;DTA-data","agreement","none","include","no"
"reviewer_A_batch_11rows2501-2750.csv","230","rayyan-550688857","40373295","10.2196/66161","AI-Assisted Hypothesis Generation to Address Challenges in Cardiotoxicity Research: Simulation Study Using ChatGPT With GPT-4o.","2025","Journal of medical Internet research","include","0,95","AI-ECG;Structural-heart-disease;DTA-data","include","1","AI-ECG;Structural-heart-disease;DTA-data","agreement","none","include","no"
"reviewer_A_batch_11rows2501-2750.csv","242","rayyan-550688869","17947043","10.1109/IEMBS.2006.260096","Development of a remote handheld cardiac arrhythmia monitor.","2006","Conference proceedings : ... Annual International Conference of the IEEE           Engineering in Medicine and Biology Society. IEEE Engineering in Medicine and            Biology Society. Annual Conference","include","0,95","AI-ECG;Structural-heart-disease;DTA-data","include","1","AI-ECG;Structural-heart-disease;DTA-data","agreement","none","include","no"
"reviewer_A_batch_11rows2501-2750.csv","245","rayyan-550688872","3819200","10.1016/s0735-1097(87)80045-1","Prediction of serious arrhythmic events after myocardial infarction: signal-averaged electrocardiogram, Holter monitoring and radionuclide ventriculography.","1987","Journal of the American College of Cardiology","include","0,95","AI-ECG;Structural-heart-disease;DTA-data","include","1","AI-ECG;Structural-heart-disease;DTA-data","agreement","none","include","no"
"reviewer_A_batch_12rows2751-3000.csv","8","rayyan-550688885","28730749","10.1111/sms.12949","Impact of the dynamic and static component of the sport practised for electrocardiogram analysis in screening athletes.","2018","Scandinavian journal of medicine & science in sports","include","0,95","AI-ECG;Structural-heart-disease;DTA-data","include","1","AI-ECG;Structural-heart-disease;DTA-data","agreement","none","include","no"
"reviewer_A_batch_12rows2751-3000.csv","18","rayyan-550688895","36748247","10.1093/europace/euad011","Accuracy of continuous photoplethysmography-based 1 min mean heart rate assessment during atrial fibrillation.","2023","Europace : European pacing, arrhythmias, and cardiac electrophysiology : journal           of the working groups on cardiac pacing, arrhythmias, and cardiac cellular            electrophysiology of the European Society of Cardiology","include","0,95","AI-ECG;Structural-heart-disease;DTA-data","include","1","AI-ECG;Structural-heart-disease;DTA-data","agreement","none","include","no"
"reviewer_A_batch_12rows2751-3000.csv","19","rayyan-550688896","20703666","10.1007/s10916-010-9531-y","A novel handheld device for use in remote patient monitoring of heart failure patients--design and preliminary validation on healthy subjects.","2012","Journal of medical systems","include","0,95","AI-ECG;Structural-heart-disease;DTA-data","include","1","AI-ECG;Structural-heart-disease;DTA-data","agreement","none","include","no"
"reviewer_A_batch_12rows2751-3000.csv","20","rayyan-550688897","39773784","10.1136/bmjopen-2024-091793","Clinical validation of an artificial intelligence-based decision support system for diagnosis and risk stratification of heart failure (STRATIFYHF): a protocol for a prospective, multicentre longitudinal study.","2025","BMJ open","include","0,95","AI-ECG;Structural-heart-disease;DTA-data","include","1","AI-ECG;Structural-heart-disease;DTA-data","agreement","none","include","no"
"reviewer_A_batch_12rows2751-3000.csv","22","rayyan-550688899","37995553","10.1016/j.jelectrocard.2023.11.005","Periodic repolarization dynamics: Different methods for quantifying low-frequency oscillations of repolarization.","2024","Journal of electrocardiology","include","0,95","AI-ECG;Structural-heart-disease;DTA-data","include","1","AI-ECG;Structural-heart-disease;DTA-data","agreement","none","include","no"
"reviewer_A_batch_12rows2751-3000.csv","24","rayyan-550688901","35286140","10.1259/bjr.20210852","Artificial intelligence can detect left ventricular dilatation on contrast-enhanced thoracic computer tomography relative to cardiac magnetic resonance imaging.","2022","The British journal of radiology","include","0,95","AI-ECG;Structural-heart-disease;DTA-data","include","1","AI-ECG;Structural-heart-disease;DTA-data","agreement","none","include","no"
"reviewer_A_batch_12rows2751-3000.csv","25","rayyan-550688902","37101945","10.1016/j.cvdhj.2023.03.001","Artificial intelligence-enabled classification of hypertrophic heart diseases using electrocardiograms.","2023","Cardiovascular digital health journal","include","0,95","AI-ECG;Structural-heart-disease;DTA-data","include","1","AI-ECG;Structural-heart-disease;DTA-data","agreement","none","include","no"
"reviewer_A_batch_12rows2751-3000.csv","44","rayyan-550688921","36712160","10.1093/ehjdh/ztac030","Automated detection of low ejection fraction from a one-lead electrocardiogram: application of an AI algorithm to an electrocardiogram-enabled Digital Stethoscope().","2022","European heart journal. Digital health","include","0,95","AI-ECG;Structural-heart-disease;DTA-data","include","1","AI-ECG;Structural-heart-disease;DTA-data","agreement","none","include","no"
"reviewer_A_batch_12rows2751-3000.csv","45","rayyan-550688922","40490446","10.1038/s41597-025-05287-z","A Multi-Pathology Ballistocardiogram Dataset for Cardiac Function Monitoring and Arrhythmia Assessment.","2025","Scientific data","include","0,95","AI-ECG;Structural-heart-disease;DTA-data","include","1","AI-ECG;Structural-heart-disease;DTA-data","agreement","none","include","no"
"reviewer_A_batch_12rows2751-3000.csv","51","rayyan-550688928","21187259","10.1016/j.cardfail.2010.08.001","Design of the Multi-Sensor Monitoring in Congestive Heart Failure (MUSIC) study: prospective trial to assess the utility of continuous wireless physiologic monitoring in heart failure.","2011","Journal of cardiac failure","include","0,95","AI-ECG;Structural-heart-disease;DTA-data","include","1","AI-ECG;Structural-heart-disease;DTA-data","agreement","none","include","no"
"reviewer_A_batch_12rows2751-3000.csv","52","rayyan-550688929","9303857","","[Role of spectral turbulence analysis of ECG in predicting risk of arrhythmia after myocardial infarction].","1997","Giornale italiano di cardiologia","include","0,95","AI-ECG;Structural-heart-disease;DTA-data","include","1","AI-ECG;Structural-heart-disease;DTA-data","agreement","none","include","no"
"reviewer_A_batch_12rows2751-3000.csv","54","rayyan-550688931","25576406","10.1016/j.jcct.2014.11.008","Coronary CT angiography for the detection of coronary artery stenosis in patients referred for transcatheter aortic valve replacement.","2015","Journal of cardiovascular computed tomography","include","0,95","AI-ECG;Structural-heart-disease;DTA-data","include","1","AI-ECG;Structural-heart-disease;DTA-data","agreement","none","include","no"
"reviewer_A_batch_12rows2751-3000.csv","56","rayyan-550688933","40304026","10.15441/ceem.24.342","Interethnic validation of electrocardiogram image analysis software for detecting left ventricular dysfunction in an emergency department population.","2025","Clinical and experimental emergency medicine","include","0,95","AI-ECG;Structural-heart-disease;DTA-data","include","1","AI-ECG;Structural-heart-disease;DTA-data","agreement","none","include","no"
"reviewer_A_batch_12rows2751-3000.csv","64","rayyan-550688941","16824205","10.1186/1472-6947-6-28","A simple statistical model for prediction of acute coronary syndrome in chest pain patients in the emergency department.","2006","BMC medical informatics and decision making","include","0,95","AI-ECG;Structural-heart-disease;DTA-data","include","1","AI-ECG;Structural-heart-disease;DTA-data","agreement","none","include","no"
"reviewer_A_batch_12rows2751-3000.csv","90","rayyan-550688968","39563911","10.1093/ehjdh/ztae062","Deep learning algorithm for predicting left ventricular systolic dysfunction in atrial fibrillation with rapid ventricular response.","2024","European heart journal. Digital health","include","0,95","AI-ECG;Structural-heart-disease;DTA-data","include","1","AI-ECG;Structural-heart-disease;DTA-data","agreement","none","include","no"
"reviewer_A_batch_12rows2751-3000.csv","93","rayyan-550688971","24519661","10.1007/s00399-014-0298-6","Reliability and accuracy of sleep apnea scans in novel cardiac resynchronization therapy devices: an independent report of two cases.","2014","Herzschrittmachertherapie & Elektrophysiologie","include","0,95","AI-ECG;Structural-heart-disease;DTA-data","include","1","AI-ECG;Structural-heart-disease;DTA-data","agreement","none","include","no"
"reviewer_A_batch_12rows2751-3000.csv","109","rayyan-550688987","29059821","10.1109/EMBC.2017.8036773","Computationally efficient algorithm for photoplethysmography-based atrial fibrillation detection using smartphones.","2017","Annual International Conference of the IEEE Engineering in Medicine and Biology           Society. IEEE Engineering in Medicine and Biology Society. Annual International            Conference","include","0,95","AI-ECG;Structural-heart-disease;DTA-data","include","1","AI-ECG;Structural-heart-disease;DTA-data","agreement","none","include","no"
"reviewer_A_batch_12rows2751-3000.csv","110","rayyan-550688988","41781965","10.1186/s13040-026-00536-2","Deep learning-enabled ECG system for detecting left ventricular hypertrophy and predicting cardiovascular prognoses.","2026","BioData mining","include","0,95","AI-ECG;Structural-heart-disease;DTA-data","include","1","AI-ECG;Structural-heart-disease;DTA-data","agreement","none","include","no"
"reviewer_A_batch_12rows2751-3000.csv","112","rayyan-550688990","11530377","","[Clinical application of gated SPECT imaging to regional function assessment: current status and limitations].","2001","Kaku igaku. The Japanese journal of nuclear medicine","include","0,95","AI-ECG;Structural-heart-disease;DTA-data","include","1","AI-ECG;Structural-heart-disease;DTA-data","agreement","none","include","no"
"reviewer_A_batch_12rows2751-3000.csv","123","rayyan-550689001","41454822","10.25259/IJMR_1617_2025","Multi-sensor wearables re-shaping care of chronic heart-failure: A narrative review.","2025","The Indian journal of medical research","include","0,95","AI-ECG;Structural-heart-disease;DTA-data","include","1","AI-ECG;Structural-heart-disease;DTA-data","agreement","none","include","no"
"reviewer_A_batch_12rows2751-3000.csv","132","rayyan-550689010","42107243","10.1016/j.jelectrocard.2026.154272","Evaluation of new vectorcardiography algorithms for identifying left ventricular hypertrophy and impaired systolic function.","2026","Journal of electrocardiology","include","0,95","AI-ECG;Structural-heart-disease;DTA-data","include","1","AI-ECG;Structural-heart-disease;DTA-data","agreement","none","include","no"
"reviewer_A_batch_12rows2751-3000.csv","147","rayyan-550689025","41986431","10.1038/s41598-026-47665-6","AI-enabled privacy-preserving cardiac diagnostics via electrocardiograms.","2026","Scientific reports","include","0,95","AI-ECG;Structural-heart-disease;DTA-data","include","1","AI-ECG;Structural-heart-disease;DTA-data","agreement","none","include","no"
"reviewer_A_batch_12rows2751-3000.csv","152","rayyan-550689030","41738056","10.1002/joa3.70296","Web-Based Application of Simplified Machine Learning for Detecting Reduced LVEF From 12-Lead ECG.","2026","Journal of arrhythmia","include","0,95","AI-ECG;Structural-heart-disease;DTA-data","include","1","AI-ECG;Structural-heart-disease;DTA-data","agreement","none","include","no"
"reviewer_A_batch_12rows2751-3000.csv","154","rayyan-550689032","24706089","10.1093/europace/euu050","Cardiac contractility modulation: first experience in heart failure patients with reduced ejection fraction and permanent atrial fibrillation.","2014","Europace : European pacing, arrhythmias, and cardiac electrophysiology : journal           of the working groups on cardiac pacing, arrhythmias, and cardiac cellular            electrophysiology of the European Society of Cardiology","include","0,95","AI-ECG;Structural-heart-disease;DTA-data","include","1","AI-ECG;Structural-heart-disease;DTA-data","agreement","none","include","no"
"reviewer_A_batch_12rows2751-3000.csv","159","rayyan-550689037","35059494","10.1016/j.ijcha.2022.100954","Identifying patients with atrial fibrillation during sinus rhythm on ECG: Significance of the labeling in the artificial intelligence algorithm.","2022","International journal of cardiology. Heart & vasculature","include","0,95","AI-ECG;Structural-heart-disease;DTA-data","include","1","AI-ECG;Structural-heart-disease;DTA-data","agreement","none","include","no"
"reviewer_A_batch_12rows2751-3000.csv","164","rayyan-550689042","38638999","10.1016/j.jacadv.2023.100612","Postdevelopment Performance and Validation of the Artificial Intelligence-Enhanced Electrocardiogram for Detection of Cardiac Amyloidosis.","2023","JACC. Advances","include","0,95","AI-ECG;Structural-heart-disease;DTA-data","include","1","AI-ECG;Structural-heart-disease;DTA-data","agreement","none","include","no"
"reviewer_A_batch_12rows2751-3000.csv","176","rayyan-550689054","15609908","","[The role of cardiac pacing in the treatment of atrial arrhythmias].","2004","Archives des maladies du coeur et des vaisseaux","include","0,95","AI-ECG;Structural-heart-disease;DTA-data","include","1","AI-ECG;Structural-heart-disease;DTA-data","agreement","none","include","no"
"reviewer_A_batch_12rows2751-3000.csv","178","rayyan-550689056","21235680","10.1111/j.1540-8167.2010.02002.x","Differentiating macroreentrant from focal atrial tachycardias occurred after circumferential pulmonary vein isolation.","2011","Journal of cardiovascular electrophysiology","include","0,95","AI-ECG;Structural-heart-disease;DTA-data","include","1","AI-ECG;Structural-heart-disease;DTA-data","agreement","none","include","no"
"reviewer_A_batch_12rows2751-3000.csv","180","rayyan-550689058","27871987","10.1016/j.hrthm.2016.11.017","Body surface mapping using an ECG belt to characterize electrical heterogeneity for different left ventricular pacing sites during cardiac resynchronization: Relationship with acute hemodynamic improvement.","2017","Heart rhythm","include","0,95","AI-ECG;Structural-heart-disease;DTA-data","include","1","AI-ECG;Structural-heart-disease;DTA-data","agreement","none","include","no"
"reviewer_A_batch_12rows2751-3000.csv","191","rayyan-550689069","24480166","10.1016/j.compbiomed.2013.11.016","Investigating the performance improvement of HRV Indices in CHF using feature selection methods based on backward elimination and statistical significance.","2014","Computers in biology and medicine","include","0,95","AI-ECG;Structural-heart-disease;DTA-data","include","1","AI-ECG;Structural-heart-disease;DTA-data","agreement","none","include","no"
"reviewer_A_batch_12rows2751-3000.csv","216","rayyan-550689094","37152425","10.1016/j.ijcha.2023.101211","Identification of patients with dilated phase of hypertrophic cardiomyopathy using a convolutional neural network applied to multiple, dual, and single lead electrocardiograms.","2023","International journal of cardiology. Heart & vasculature","include","0,95","AI-ECG;Structural-heart-disease;DTA-data","include","1","AI-ECG;Structural-heart-disease;DTA-data","agreement","none","include","no"
"reviewer_A_batch_12rows2751-3000.csv","219","rayyan-550689097","38562867","10.1101/2024.03.18.24304477","Study Protocol for the Artificial Intelligence-Driven Evaluation of Structural Heart Diseases Using Wearable Electrocardiogram (ID-SHD).","2024","medRxiv : the preprint server for health sciences","include","0,95","AI-ECG;Structural-heart-disease;DTA-data","include","1","AI-ECG;Structural-heart-disease;DTA-data","agreement","none","include","no"
"reviewer_A_batch_12rows2751-3000.csv","226","rayyan-550689104","30664492","10.2196/12419","In-Home Cardiovascular Monitoring System for Heart Failure: Comparative Study.","2019","JMIR mHealth and uHealth","include","0,95","AI-ECG;Structural-heart-disease;DTA-data","include","1","AI-ECG;Structural-heart-disease;DTA-data","agreement","none","include","no"
"reviewer_A_batch_12rows2751-3000.csv","227","rayyan-550689105","39997283","10.3390/healthcare13040408","Screening for Left Ventricular Hypertrophy Using Artificial Intelligence Algorithms Based on 12 Leads of the Electrocardiogram-Applicable in Clinical Practice?-Critical Literature Review with Meta-Analysis.","2025","Healthcare (Basel, Switzerland)","include","0,95","AI-ECG;Structural-heart-disease;DTA-data","include","1","AI-ECG;Structural-heart-disease;DTA-data","agreement","none","include","no"
"reviewer_A_batch_12rows2751-3000.csv","231","rayyan-550689109","39880539","10.1016/j.jacep.2024.09.001","Characterization and Localization of Focal Atrial Tachycardia in Patients With Adult Congenital Heart Disease.","2025","JACC. Clinical electrophysiology","include","0,95","AI-ECG;Structural-heart-disease;DTA-data","include","1","AI-ECG;Structural-heart-disease;DTA-data","agreement","none","include","no"
"reviewer_A_batch_12rows2751-3000.csv","235","rayyan-550689113","36960474","10.3389/fcvm.2023.1070641","Artificial intelligence-enabled electrocardiographic screening for left ventricular systolic dysfunction and mortality risk prediction.","2023","Frontiers in cardiovascular medicine","include","0,95","AI-ECG;Structural-heart-disease;DTA-data","include","1","AI-ECG;Structural-heart-disease;DTA-data","agreement","none","include","no"
"reviewer_A_batch_12rows2751-3000.csv","239","rayyan-550689117","33516949","10.1016/j.jelectrocard.2020.11.014","Interpretable morphological features for efficient single-lead automatic ventricular ectopy detection.","2021","Journal of electrocardiology","include","0,95","AI-ECG;Structural-heart-disease;DTA-data","include","1","AI-ECG;Structural-heart-disease;DTA-data","agreement","none","include","no"
"reviewer_A_batch_12rows2751-3000.csv","241","rayyan-550689119","38790356","10.3390/bioengineering11050489","Searching for the Best Machine Learning Algorithm for the Detection of Left Ventricular Hypertrophy from the ECG: A Review.","2024","Bioengineering (Basel, Switzerland)","include","0,95","AI-ECG;Structural-heart-disease;DTA-data","include","1","AI-ECG;Structural-heart-disease;DTA-data","agreement","none","include","no"
"reviewer_A_batch_12rows2751-3000.csv","243","rayyan-550689121","41849876","10.1016/j.jacadv.2026.102660","Artificial Intelligence-Driven Electrocardiogram Screening for Asymptomatic Left Ventricular Systolic Dysfunction in the General Population.","2026","JACC. Advances","include","0,95","AI-ECG;Structural-heart-disease;DTA-data","include","1","AI-ECG;Structural-heart-disease;DTA-data","agreement","none","include","no"
"reviewer_A_batch_12rows2751-3000.csv","246","rayyan-550689124","7795862","10.1016/1350-4533(95)95715-m","Improved late potential analysis in frequency domain.","1995","Medical engineering & physics","include","0,95","AI-ECG;Structural-heart-disease;DTA-data","include","1","AI-ECG;Structural-heart-disease;DTA-data","agreement","none","include","no"
"reviewer_A_batch_13rows3001-3250.csv","2","rayyan-550689130","41717586","10.1016/j.eclinm.2026.103783","Forecasting left ventricular systolic dysfunction in heart failure with artificial intelligence.","2026","EClinicalMedicine","include","0,95","AI-ECG;Structural-heart-disease;DTA-data","include","1","AI-ECG;Structural-heart-disease;DTA-data","agreement","none","include","no"
"reviewer_A_batch_13rows3001-3250.csv","4","rayyan-550689132","36419480","10.1016/j.ajpc.2022.100431","Community-based participatory research application of an artificial intelligence-enhanced electrocardiogram for cardiovascular disease screening: A FAITH! Trial ancillary study.","2022","American journal of preventive cardiology","include","0,95","AI-ECG;Structural-heart-disease;DTA-data","include","1","AI-ECG;Structural-heart-disease;DTA-data","agreement","none","include","no"
"reviewer_A_batch_13rows3001-3250.csv","13","rayyan-550689141","40548850","10.1097/CRD.0000000000000975","Electrocardiogram-Based Artificial Intelligence for Detection of Low Ejection Fraction: A Contemporary Review.","2025","Cardiology in review","include","0,95","AI-ECG;Structural-heart-disease;DTA-data","include","1","AI-ECG;Structural-heart-disease;DTA-data","agreement","none","include","no"
"reviewer_A_batch_13rows3001-3250.csv","14","rayyan-550689142","19964975","10.1109/IEMBS.2009.5334814","Ischemia detection in the context of a cardiovascular status assessment tool.","2009","Annual International Conference of the IEEE Engineering in Medicine and Biology           Society. IEEE Engineering in Medicine and Biology Society. Annual International            Conference","include","0,95","AI-ECG;Structural-heart-disease;DTA-data","include","1","AI-ECG;Structural-heart-disease;DTA-data","agreement","none","include","no"
"reviewer_A_batch_13rows3001-3250.csv","18","rayyan-550689146","34260658","10.1371/journal.pone.0254683","A novel algorithm for 3-D visualization of electrogram duration for substrate-mapping in patients with ischemic heart disease and ventricular tachycardia.","2021","PloS one","include","0,95","AI-ECG;Structural-heart-disease;DTA-data","include","1","AI-ECG;Structural-heart-disease;DTA-data","agreement","none","include","no"
"reviewer_A_batch_13rows3001-3250.csv","24","rayyan-550689152","29993522","10.1109/TBME.2018.2797158","Mortality Prediction in Severe Congestive Heart Failure Patients with Multifractal Point-Process Modeling of Heartbeat Dynamics.","2018","IEEE transactions on bio-medical engineering","include","0,95","AI-ECG;Structural-heart-disease;DTA-data","include","1","AI-ECG;Structural-heart-disease;DTA-data","agreement","none","include","no"
"reviewer_A_batch_13rows3001-3250.csv","32","rayyan-550689160","28651852","10.1016/j.amjcard.2017.05.031","Differences in Repolarization Heterogeneity Among Heart Failure With Preserved Ejection Fraction Phenotypic Subgroups.","2017","The American journal of cardiology","include","0,95","AI-ECG;Structural-heart-disease;DTA-data","include","1","AI-ECG;Structural-heart-disease;DTA-data","agreement","none","include","no"
"reviewer_A_batch_13rows3001-3250.csv","51","rayyan-550689179","14514579","10.2337/diacare.26.10.2777","Prediction of coronary heart disease in middle-aged adults with diabetes.","2003","Diabetes care","include","0,95","AI-ECG;Structural-heart-disease;DTA-data","include","1","AI-ECG;Structural-heart-disease;DTA-data","agreement","none","include","no"
"reviewer_A_batch_13rows3001-3250.csv","52","rayyan-550689180","41791632","10.1016/j.hrthm.2026.02.046","EFFNet: Efficient feature fusion network for left ventricular hypertrophy identification based on 12-lead electrocardiogram signals.","2026","Heart rhythm","include","0,95","AI-ECG;Structural-heart-disease;DTA-data","include","1","AI-ECG;Structural-heart-disease;DTA-data","agreement","none","include","no"
"reviewer_A_batch_13rows3001-3250.csv","53","rayyan-550689181","30935638","10.1016/j.cjca.2018.12.039","Ensembling Electrical and Proteogenomics Biomarkers for Improved Prediction of Cardiac-Related 3-Month Hospitalizations: A Pilot Study.","2019","The Canadian journal of cardiology","include","0,95","AI-ECG;Structural-heart-disease;DTA-data","include","1","AI-ECG;Structural-heart-disease;DTA-data","agreement","none","include","no"
"reviewer_A_batch_13rows3001-3250.csv","60","rayyan-550689188","21056483","10.1016/j.ijcard.2010.10.013","NT-pro-BNP for diagnostic and prognostic evaluation in patients hospitalized for syncope.","2012","International journal of cardiology","include","0,95","AI-ECG;Structural-heart-disease;DTA-data","include","1","AI-ECG;Structural-heart-disease;DTA-data","agreement","none","include","no"
"reviewer_A_batch_13rows3001-3250.csv","61","rayyan-550689189","40566004","10.3390/jcm14124257","An Artificial Intelligence Algorithm for Early Detection of Left Ventricular Systolic Dysfunction in Patients with Normal Sinus Rhythm.","2025","Journal of clinical medicine","include","0,95","AI-ECG;Structural-heart-disease;DTA-data","include","1","AI-ECG;Structural-heart-disease;DTA-data","agreement","none","include","no"
"reviewer_A_batch_13rows3001-3250.csv","67","rayyan-550689195","15860168","10.1157/13074140","[Hemosiderin-laden macrophages count in sputum in diagnosis of dyspnea of heart origin].","2005","Medicina clinica","include","0,95","AI-ECG;Structural-heart-disease;DTA-data","include","1","AI-ECG;Structural-heart-disease;DTA-data","agreement","none","include","no"
"reviewer_A_batch_13rows3001-3250.csv","73","rayyan-550689201","40088217","10.1016/j.jacep.2025.01.011","The Association of Electrical Delay on Hemodynamic Response With Cardiac Resynchronization Therapy.","2025","JACC. Clinical electrophysiology","include","0,95","AI-ECG;Structural-heart-disease;DTA-data","include","1","AI-ECG;Structural-heart-disease;DTA-data","agreement","none","include","no"
"reviewer_A_batch_13rows3001-3250.csv","78","rayyan-550689207","26453684","10.1161/CIRCINTERVENTIONS.114.002198","Predicting the Presence of an Acute Coronary Lesion Among Patients Resuscitated From Cardiac Arrest.","2015","Circulation. Cardiovascular interventions","include","0,95","AI-ECG;Structural-heart-disease;DTA-data","include","1","AI-ECG;Structural-heart-disease;DTA-data","agreement","none","include","no"
"reviewer_A_batch_13rows3001-3250.csv","81","rayyan-550689210","29327942","10.1177/2047487317749897","Efficient selective screening for heart failure in elderly men and women from the community: A diagnostic individual participant data meta-analysis.","2018","European journal of preventive cardiology","include","0,95","AI-ECG;Structural-heart-disease;DTA-data","include","1","AI-ECG;Structural-heart-disease;DTA-data","agreement","none","include","no"
"reviewer_A_batch_13rows3001-3250.csv","88","rayyan-550689217","40703117","10.1093/ehjdh/ztaf034","Development and multinational validation of an ensemble deep learning algorithm for detecting and predicting structural heart disease using noisy single-lead electrocardiograms.","2025","European heart journal. Digital health","include","0,95","AI-ECG;Structural-heart-disease;DTA-data","include","1","AI-ECG;Structural-heart-disease;DTA-data","agreement","none","include","no"
"reviewer_A_batch_13rows3001-3250.csv","98","rayyan-550689227","21098350","10.1001/archinternmed.2010.434","Validation of an atrial fibrillation risk algorithm in whites and African Americans.","2010","Archives of internal medicine","include","0,95","AI-ECG;Structural-heart-disease;DTA-data","include","1","AI-ECG;Structural-heart-disease;DTA-data","agreement","none","include","no"
"reviewer_A_batch_13rows3001-3250.csv","101","rayyan-550689230","28390681","10.1016/j.amjcard.2017.03.008","Relation Between Estimated Cardiorespiratory Fitness and Atrial Fibrillation (from the Reasons for Geographic and Racial Differences in Stroke Study).","2017","The American journal of cardiology","include","0,95","AI-ECG;Structural-heart-disease;DTA-data","include","1","AI-ECG;Structural-heart-disease;DTA-data","agreement","none","include","no"
"reviewer_A_batch_13rows3001-3250.csv","103","rayyan-550689232","8945025","10.1111/j.1540-8159.1996.tb03207.x","Transvalvular impedance (TVI) recording under electrical and pharmocological cardiac stimulation.","1996","Pacing and clinical electrophysiology : PACE","include","0,95","AI-ECG;Structural-heart-disease;DTA-data","include","1","AI-ECG;Structural-heart-disease;DTA-data","agreement","none","include","no"
"reviewer_A_batch_13rows3001-3250.csv","112","rayyan-550689241","42005648","10.1002/hsr2.71855","Revolutionizing Heart Failure Management With Artificial Intelligence: A Narrative Review of Diagnostic, Prognostic, and Therapeutic Innovations.","2026","Health science reports","include","0,95","AI-ECG;Structural-heart-disease;DTA-data","include","1","AI-ECG;Structural-heart-disease;DTA-data","agreement","none","include","no"
"reviewer_A_batch_13rows3001-3250.csv","113","rayyan-550689242","40809637","10.7759/cureus.87907","Artificial Intelligence in Hypertrophic Cardiomyopathy: Advances, Challenges, and Future Directions for Personalized Risk Prediction and Management.","2025","Cureus","include","0,95","AI-ECG;Structural-heart-disease;DTA-data","include","1","AI-ECG;Structural-heart-disease;DTA-data","agreement","none","include","no"
"reviewer_A_batch_13rows3001-3250.csv","120","rayyan-550689249","41547169","10.1016/j.jacadv.2025.102537","Multisite, External Validation of an AI-Enabled ECG Algorithm for Detection of Low Ejection Fraction.","2026","JACC. Advances","include","0,95","AI-ECG;Structural-heart-disease;DTA-data","include","1","AI-ECG;Structural-heart-disease;DTA-data","agreement","none","include","no"
"reviewer_A_batch_13rows3001-3250.csv","124","rayyan-550689253","18955178","10.1109/TMI.2008.2004644","Model-based imaging of cardiac apparent conductivity and local conduction velocity for diagnosis and planning of therapy.","2008","IEEE transactions on medical imaging","include","0,95","AI-ECG;Structural-heart-disease;DTA-data","include","1","AI-ECG;Structural-heart-disease;DTA-data","agreement","none","include","no"
"reviewer_A_batch_13rows3001-3250.csv","127","rayyan-550689256","11270696","10.1046/j.1460-9592.2001.00172.x","RV function in stable and unstable VT: is there a need for hemodynamic monitoring in future defibrillators?","2001","Pacing and clinical electrophysiology : PACE","include","0,95","AI-ECG;Structural-heart-disease;DTA-data","include","1","AI-ECG;Structural-heart-disease;DTA-data","agreement","none","include","no"
"reviewer_A_batch_13rows3001-3250.csv","130","rayyan-550689259","32344995","10.4081/monaldi.2020.1251","Alternative sites of ventricular pacing: His bundle pacing.","2020","Monaldi archives for chest disease = Archivio Monaldi per le malattie del torace","include","0,95","AI-ECG;Structural-heart-disease;DTA-data","include","1","AI-ECG;Structural-heart-disease;DTA-data","agreement","none","include","no"
"reviewer_A_batch_13rows3001-3250.csv","139","rayyan-550689268","42142808","10.1016/j.hjc.2026.05.001","Artificial intelligence in the differential diagnosis of hypertrophic cardiomyopathy and physiological hypertrophy: a scoping review.","2026","Hellenic journal of cardiology : HJC = Hellenike kardiologike epitheorese","include","0,95","AI-ECG;Structural-heart-disease;DTA-data","include","1","AI-ECG;Structural-heart-disease;DTA-data","agreement","none","include","no"
"reviewer_A_batch_13rows3001-3250.csv","141","rayyan-550689270","38585894","10.1101/2024.03.25.24304875","Estimating Ejection Fraction from the 12 Lead ECG among Patients with Acute Heart Failure.","2024","medRxiv : the preprint server for health sciences","include","0,95","AI-ECG;Structural-heart-disease;DTA-data","include","1","AI-ECG;Structural-heart-disease;DTA-data","agreement","none","include","no"
"reviewer_A_batch_13rows3001-3250.csv","144","rayyan-550689273","25798657","10.1088/0967-3334/36/4/741","Assessment of baroreflex sensitivity from spontaneous oscillations of blood pressure and heart rate: proven clinical value?","2015","Physiological measurement","include","0,95","AI-ECG;Structural-heart-disease;DTA-data","include","1","AI-ECG;Structural-heart-disease;DTA-data","agreement","none","include","no"
"reviewer_A_batch_13rows3001-3250.csv","146","rayyan-550689275","39081946","10.1093/ehjdh/ztae034","Simple models vs. deep learning in detecting low ejection fraction from the electrocardiogram.","2024","European heart journal. Digital health","include","0,95","AI-ECG;Structural-heart-disease;DTA-data","include","1","AI-ECG;Structural-heart-disease;DTA-data","agreement","none","include","no"
"reviewer_A_batch_13rows3001-3250.csv","147","rayyan-550689276","38762623","10.1038/s41746-024-01130-8","Development and validation of machine learning algorithms based on electrocardiograms for cardiovascular diagnoses at the population level.","2024","NPJ digital medicine","include","0,95","AI-ECG;Structural-heart-disease;DTA-data","include","1","AI-ECG;Structural-heart-disease;DTA-data","agreement","none","include","no"
"reviewer_A_batch_13rows3001-3250.csv","148","rayyan-550689277","38505482","10.1093/ehjdh/ztad078","Artificial intelligence-enhanced electrocardiogram for arrhythmogenic right ventricular cardiomyopathy detection.","2024","European heart journal. Digital health","include","0,95","AI-ECG;Structural-heart-disease;DTA-data","include","1","AI-ECG;Structural-heart-disease;DTA-data","agreement","none","include","no"
"reviewer_A_batch_13rows3001-3250.csv","149","rayyan-550689278","26096609","10.1016/j.hrthm.2015.06.030","SCD-HeFT: Use of R-R interval statistics for long-term risk stratification for arrhythmic sudden cardiac death.","2015","Heart rhythm","include","0,95","AI-ECG;Structural-heart-disease;DTA-data","include","1","AI-ECG;Structural-heart-disease;DTA-data","agreement","none","include","no"
"reviewer_A_batch_13rows3001-3250.csv","152","rayyan-550689281","16333588","10.1007/s00059-005-2748-8","[Therapeutic strategies in inappropriate ICD therapy].","2005","Herz","include","0,95","AI-ECG;Structural-heart-disease;DTA-data","include","1","AI-ECG;Structural-heart-disease;DTA-data","agreement","none","include","no"
"reviewer_A_batch_13rows3001-3250.csv","154","rayyan-550689283","38644067","10.1016/j.acvd.2024.02.011","Rationale and design of the PACIFIC-PRESERVED (PhenomApping, ClassIFication and Innovation for Cardiac dysfunction in patients with heart failure and PRESERVED left ventricular ejection fraction) study.","2024","Archives of cardiovascular diseases","include","0,95","AI-ECG;Structural-heart-disease;DTA-data","include","1","AI-ECG;Structural-heart-disease;DTA-data","agreement","none","include","no"
"reviewer_A_batch_13rows3001-3250.csv","158","rayyan-550689287","28104482","10.1016/j.hrthm.2017.01.022","Device pacing diagnostics overestimate effective cardiac resynchronization therapy pacing results of the hOLter for Efficacy analysis of CRT (OLE CRT) study.","2017","Heart rhythm","include","0,95","AI-ECG;Structural-heart-disease;DTA-data","include","1","AI-ECG;Structural-heart-disease;DTA-data","agreement","none","include","no"
"reviewer_A_batch_13rows3001-3250.csv","160","rayyan-550689289","41778935","10.1016/j.jaccas.2026.107184","Artificial Intelligence-Enabled Electrocardiographic Detection of Severe Aortic Stenosis Leading to Transcatheter Aortic Valve Replacement.","2026","JACC. Case reports","include","0,95","AI-ECG;Structural-heart-disease;DTA-data","include","1","AI-ECG;Structural-heart-disease;DTA-data","agreement","none","include","no"
"reviewer_A_batch_13rows3001-3250.csv","164","rayyan-550689293","41970469","10.1093/ehjopen/oeag049","Structural heart disease screening using artificial intelligence-enabled electrocardiogram and novice handheld cardiac ultrasound: a cost analysis.","2026","European heart journal open","include","0,95","AI-ECG;Structural-heart-disease;DTA-data","include","1","AI-ECG;Structural-heart-disease;DTA-data","agreement","none","include","no"
"reviewer_A_batch_13rows3001-3250.csv","178","rayyan-550689307","40235757","10.21037/qims-24-1638","Artificial intelligence electrocardiogram as a novel screening tool to detect and longitudinally monitor high-risk echocardiographic features in hypertrophic cardiomyopathy.","2025","Quantitative imaging in medicine and surgery","include","0,95","AI-ECG;Structural-heart-disease;DTA-data","include","1","AI-ECG;Structural-heart-disease;DTA-data","agreement","none","include","no"
"reviewer_A_batch_13rows3001-3250.csv","190","rayyan-550689319","41890626","10.1093/radadv/umag013","Artificial intelligence-enabled cardiac volumetry for opportunistic screening of cardiomegaly on chest CT: clinical validation with echocardiography.","2026","Radiology advances","include","0,95","AI-ECG;Structural-heart-disease;DTA-data","include","1","AI-ECG;Structural-heart-disease;DTA-data","agreement","none","include","no"
"reviewer_A_batch_13rows3001-3250.csv","192","rayyan-550689321","33413883","10.1016/j.jcmg.2020.07.040","Prediction of AF in Heart Failure With Preserved Ejection Fraction: Incremental Value of Left Atrial Strain.","2021","JACC. Cardiovascular imaging","include","0,95","AI-ECG;Structural-heart-disease;DTA-data","include","1","AI-ECG;Structural-heart-disease;DTA-data","agreement","none","include","no"
"reviewer_A_batch_13rows3001-3250.csv","195","rayyan-550689324","39484263","10.1101/2024.10.14.24315460","Machine learning to classify left ventricular hypertrophy using ECG feature extraction by variational autoencoder.","2025","medRxiv : the preprint server for health sciences","include","0,95","AI-ECG;Structural-heart-disease;DTA-data","include","1","AI-ECG;Structural-heart-disease;DTA-data","agreement","none","include","no"
"reviewer_A_batch_13rows3001-3250.csv","201","rayyan-550689331","41866890","10.4070/kcj.2025.0486","Artificial Intelligence-Enabled Electrocardiography in Practice: A State-of-the-Art Review.","2026","Korean circulation journal","include","0,95","AI-ECG;Structural-heart-disease;DTA-data","include","1","AI-ECG;Structural-heart-disease;DTA-data","agreement","none","include","no"
"reviewer_A_batch_13rows3001-3250.csv","203","rayyan-550689333","40703138","10.1093/ehjdh/ztaf067","External assessment of an artificial intelligence-enabled electrocardiogram for aortic stenosis detection.","2025","European heart journal. Digital health","include","0,95","AI-ECG;Structural-heart-disease;DTA-data","include","1","AI-ECG;Structural-heart-disease;DTA-data","agreement","none","include","no"
"reviewer_A_batch_13rows3001-3250.csv","209","rayyan-550689339","19162862","10.1109/IEMBS.2008.4649359","Atrial fibrillation detection using stationary wavelet transform analysis.","2008","Annual International Conference of the IEEE Engineering in Medicine and Biology           Society. IEEE Engineering in Medicine and Biology Society. Annual International            Conference","include","0,95","AI-ECG;Structural-heart-disease;DTA-data","include","1","AI-ECG;Structural-heart-disease;DTA-data","agreement","none","include","no"
"reviewer_A_batch_13rows3001-3250.csv","210","rayyan-550689340","11909572","10.1016/s0002-9149(02)02197-5","Validation of an algorithm for predicting cardiac events in renal transplant candidates.","2002","The American journal of cardiology","include","0,95","AI-ECG;Structural-heart-disease;DTA-data","include","1","AI-ECG;Structural-heart-disease;DTA-data","agreement","none","include","no"
"reviewer_A_batch_13rows3001-3250.csv","211","rayyan-550689341","40110220","10.1093/ehjdh/ztaf003","Comparison of machine learning and conventional criteria in detecting left ventricular hypertrophy and prognosis with electrocardiography.","2025","European heart journal. Digital health","include","0,95","AI-ECG;Structural-heart-disease;DTA-data","include","1","AI-ECG;Structural-heart-disease;DTA-data","agreement","none","include","no"
"reviewer_A_batch_13rows3001-3250.csv","215","rayyan-550689345","8023826","10.1016/s0272-6386(12)80161-2","Prospective risk stratification in renal transplant candidates for cardiac death.","1994","American journal of kidney diseases : the official journal of the National Kidney           Foundation","include","0,95","AI-ECG;Structural-heart-disease;DTA-data","include","1","AI-ECG;Structural-heart-disease;DTA-data","agreement","none","include","no"
"reviewer_A_batch_13rows3001-3250.csv","223","rayyan-550689353","40909833","10.1101/2025.08.25.25334266","TARGET-AI: a foundational approach for the targeted deployment of artificial intelligence electrocardiography in the electronic health record.","2025","medRxiv : the preprint server for health sciences","include","0,95","AI-ECG;Structural-heart-disease;DTA-data","include","1","AI-ECG;Structural-heart-disease;DTA-data","agreement","none","include","no"
"reviewer_A_batch_13rows3001-3250.csv","224","rayyan-550689354","26911365","10.1007/s12350-015-0382-2","Comparative analysis of full-time, half-time, and quarter-time myocardial ECG-gated SPECT quantification in normal-weight and overweight patients.","2017","Journal of nuclear cardiology : official publication of the American Society of           Nuclear Cardiology","include","0,95","AI-ECG;Structural-heart-disease;DTA-data","include","1","AI-ECG;Structural-heart-disease;DTA-data","agreement","none","include","no"
"reviewer_A_batch_13rows3001-3250.csv","226","rayyan-550689356","24323747","10.1007/s12149-013-0795-4","Electrocardiographically gated (1)(1)C-hydroxyephedrine PET for the simultaneous assessment of cardiac sympathetic and contractile functions.","2014","Annals of nuclear medicine","include","0,95","AI-ECG;Structural-heart-disease;DTA-data","include","1","AI-ECG;Structural-heart-disease;DTA-data","agreement","none","include","no"
"reviewer_A_batch_13rows3001-3250.csv","227","rayyan-550689357","29371514","10.3390/jcdd2020093","Advanced Electrocardiography Identifies Left Ventricular Systolic Dysfunction in Non-Ischemic Cardiomyopathy and Tracks Serial Change over Time.","2015","Journal of cardiovascular development and disease","include","0,95","AI-ECG;Structural-heart-disease;DTA-data","include","1","AI-ECG;Structural-heart-disease;DTA-data","agreement","none","include","no"
"reviewer_A_batch_13rows3001-3250.csv","249","rayyan-550689380","40655749","10.4103/jpbs.jpbs_557_25","Artificial Intelligence in Cardiovascular Diagnosis: Innovations and Impact on Disease Screenings.","2025","Journal of pharmacy & bioallied sciences","include","0,95","AI-ECG;Structural-heart-disease;DTA-data","include","1","AI-ECG;Structural-heart-disease;DTA-data","agreement","none","include","no"
"reviewer_A_batch_14rows3251-3500.csv","2","rayyan-550689383","40150714","10.3390/bioengineering12030250","Identifying Hypertrophic or Dilated Cardiomyopathy: Development and Validation of a Fine-Tuned ResNet50 Model Based on Electrocardiogram Image.","2025","Bioengineering (Basel, Switzerland)","include","0,95","AI-ECG;Structural-heart-disease;DTA-data","include","1","AI-ECG;Structural-heart-disease;DTA-data","agreement","none","include","no"
"reviewer_A_batch_14rows3251-3500.csv","3","rayyan-550689384","41069568","10.7759/cureus.94065","Artificial Intelligence in Electrocardiography: From Automated Arrhythmia Detection to Predicting Hidden Cardiovascular Disease.","2025","Cureus","include","0,95","AI-ECG;Structural-heart-disease;DTA-data","include","1","AI-ECG;Structural-heart-disease;DTA-data","agreement","none","include","no"
"reviewer_A_batch_14rows3251-3500.csv","4","rayyan-550689385","37711561","10.3389/fcvm.2023.1251511","Development and validation of a rapid visual technique for left ventricular hypertrophy detection from the electrocardiogram.","2023","Frontiers in cardiovascular medicine","include","0,95","AI-ECG;Structural-heart-disease;DTA-data","include","1","AI-ECG;Structural-heart-disease;DTA-data","agreement","none","include","no"
"reviewer_A_batch_14rows3251-3500.csv","6","rayyan-550689387","39983614","10.1016/j.jacadv.2025.101619","Automated Detection of Reduced Ejection Fraction Using an ECG-Enabled Digital Stethoscope: A Large Cohort Validation.","2025","JACC. Advances","include","0,95","AI-ECG;Structural-heart-disease;DTA-data","include","1","AI-ECG;Structural-heart-disease;DTA-data","agreement","none","include","no"
"reviewer_A_batch_14rows3251-3500.csv","24","rayyan-550689405","21153058","10.1007/s11517-010-0722-y","Automatic detection of motion artifacts in the ballistocardiogram measured on a modified bathroom scale.","2011","Medical & biological engineering & computing","include","0,95","AI-ECG;Structural-heart-disease;DTA-data","include","1","AI-ECG;Structural-heart-disease;DTA-data","agreement","none","include","no"
"reviewer_A_batch_14rows3251-3500.csv","26","rayyan-550689407","38222101","10.1016/j.cvdhj.2023.11.003","A generalizable electrocardiogram-based artificial intelligence model for 10-year heart failure risk prediction.","2023","Cardiovascular digital health journal","include","0,95","AI-ECG;Structural-heart-disease;DTA-data","include","1","AI-ECG;Structural-heart-disease;DTA-data","agreement","none","include","no"
"reviewer_A_batch_14rows3251-3500.csv","27","rayyan-550689408","41594238","10.3390/diagnostics16020262","A Screening Method for Determining Left Ventricular Systolic Function Based on Spectral Analysis of a Single-Channel Electrocardiogram Using Machine Learning Algorithms.","2026","Diagnostics (Basel, Switzerland)","include","0,95","AI-ECG;Structural-heart-disease;DTA-data","include","1","AI-ECG;Structural-heart-disease;DTA-data","agreement","none","include","no"
"reviewer_A_batch_14rows3251-3500.csv","28","rayyan-550689409","41909334","10.7759/cureus.104174","Artificial Intelligence in Sports Cardiology: Advancing Cardiovascular Screening and Diagnosis.","2026","Cureus","include","0,95","AI-ECG;Structural-heart-disease;DTA-data","include","1","AI-ECG;Structural-heart-disease;DTA-data","agreement","none","include","no"
"reviewer_A_batch_14rows3251-3500.csv","29","rayyan-550689410","32473379","10.1016/j.cardfail.2020.05.014","Wearable Patch-Based Estimation of Oxygen Uptake and Assessment of Clinical Status during Cardiopulmonary Exercise Testing in Patients With Heart Failure.","2020","Journal of cardiac failure","include","0,95","AI-ECG;Structural-heart-disease;DTA-data","include","1","AI-ECG;Structural-heart-disease;DTA-data","agreement","none","include","no"
"reviewer_A_batch_14rows3251-3500.csv","30","rayyan-550689411","36589312","10.1016/j.cvdhj.2022.10.002","Tandem deep learning and logistic regression models to optimize hypertrophic cardiomyopathy detection in routine clinical practice.","2022","Cardiovascular digital health journal","include","0,95","AI-ECG;Structural-heart-disease;DTA-data","include","1","AI-ECG;Structural-heart-disease;DTA-data","agreement","none","include","no"
"reviewer_A_batch_14rows3251-3500.csv","31","rayyan-550689412","35695324","10.1002/ehf2.14011","Utilizing longitudinal data in assessing all-cause mortality in patients hospitalized with heart failure.","2022","ESC heart failure","include","0,95","AI-ECG;Structural-heart-disease;DTA-data","include","1","AI-ECG;Structural-heart-disease;DTA-data","agreement","none","include","no"
"reviewer_A_batch_14rows3251-3500.csv","32","rayyan-550689413","34993486","10.1093/ehjdh/ztab078","Detecting cardiomyopathies in pregnancy and the postpartum period with an electrocardiogram-based deep learning model.","2021","European heart journal. Digital health","include","0,95","AI-ECG;Structural-heart-disease;DTA-data","include","1","AI-ECG;Structural-heart-disease;DTA-data","agreement","none","include","no"
"reviewer_A_batch_14rows3251-3500.csv","33","rayyan-550689414","36147867","10.1016/j.mayocpiqo.2022.08.003","Electrocardiogram-Artificial Intelligence and Immune-Mediated Necrotizing Myopathy: Predicting Left Ventricular Dysfunction and Clinical Outcomes.","2022","Mayo Clinic proceedings. Innovations, quality & outcomes","include","0,95","AI-ECG;Structural-heart-disease;DTA-data","include","1","AI-ECG;Structural-heart-disease;DTA-data","agreement","none","include","no"
"reviewer_A_batch_14rows3251-3500.csv","35","rayyan-550689416","35450595","10.1016/j.jacep.2022.02.004","Prediction of Sudden Cardiac Death Manifesting With Documented Ventricular Fibrillation or Pulseless Ventricular Tachycardia.","2022","JACC. Clinical electrophysiology","include","0,95","AI-ECG;Structural-heart-disease;DTA-data","include","1","AI-ECG;Structural-heart-disease;DTA-data","agreement","none","include","no"
"reviewer_A_batch_14rows3251-3500.csv","36","rayyan-550689417","36713099","10.1093/ehjdh/ztab061","Spectrum bias in algorithms derived by artificial intelligence: a case study in detecting aortic stenosis using electrocardiograms.","2021","European heart journal. Digital health","include","0,95","AI-ECG;Structural-heart-disease;DTA-data","include","1","AI-ECG;Structural-heart-disease;DTA-data","agreement","none","include","no"
"reviewer_A_batch_14rows3251-3500.csv","37","rayyan-550689418","40559092","10.3390/jpm15060229","Correlations Between Novel Adiposity Indices and Electrocardiographic Evidence of Left Ventricular Hypertrophy in Individuals with Arterial Hypertension.","2025","Journal of personalized medicine","include","0,95","AI-ECG;Structural-heart-disease;DTA-data","include","1","AI-ECG;Structural-heart-disease;DTA-data","agreement","none","include","no"
"reviewer_A_batch_14rows3251-3500.csv","38","rayyan-550689419","41933633","10.1016/j.hrthm.2026.03.1949","Improving transthyretin cardiac amyloidosis detection from electrocardiograms through the Willem artificial intelligence platform.","2026","Heart rhythm","include","0,95","AI-ECG;Structural-heart-disease;DTA-data","include","1","AI-ECG;Structural-heart-disease;DTA-data","agreement","none","include","no"
"reviewer_A_batch_14rows3251-3500.csv","39","rayyan-550689420","40046262","10.1002/joa3.70031","Electrocardiographic parameter profiles for differentiating hypertrophic cardiomyopathy stages.","2025","Journal of arrhythmia","include","0,95","AI-ECG;Structural-heart-disease;DTA-data","include","1","AI-ECG;Structural-heart-disease;DTA-data","agreement","none","include","no"
"reviewer_A_batch_14rows3251-3500.csv","40","rayyan-550689421","40649092","10.3390/jcm14134718","Advanced Diagnosis of Hypertrophic Cardiomyopathy with AI-ECG and Differences Based on Ethnicity and HCM Subtype.","2025","Journal of clinical medicine","include","0,95","AI-ECG;Structural-heart-disease;DTA-data","include","1","AI-ECG;Structural-heart-disease;DTA-data","agreement","none","include","no"
"reviewer_A_batch_14rows3251-3500.csv","41","rayyan-550689422","37936601","10.1016/j.jacadv.2023.100446","Identifying Mitral Valve Prolapse at Risk for Arrhythmias and Fibrosis From Electrocardiograms Using Deep Learning.","2023","JACC. Advances","include","0,95","AI-ECG;Structural-heart-disease;DTA-data","include","1","AI-ECG;Structural-heart-disease;DTA-data","agreement","none","include","no"
"reviewer_A_batch_14rows3251-3500.csv","42","rayyan-550689423","41557150","10.1007/s00059-025-05359-1","[Potential of imaging in the clinical routine : Focus on cardiovascular MRI].","2026","Herz","include","0,95","AI-ECG;Structural-heart-disease;DTA-data","include","1","AI-ECG;Structural-heart-disease;DTA-data","agreement","none","include","no"
"reviewer_A_batch_14rows3251-3500.csv","43","rayyan-550689424","36712167","10.1093/ehjdh/ztac033","Multimodal deep learning enhances diagnostic precision in left ventricular hypertrophy().","2022","European heart journal. Digital health","include","0,95","AI-ECG;Structural-heart-disease;DTA-data","include","1","AI-ECG;Structural-heart-disease;DTA-data","agreement","none","include","no"
"reviewer_A_batch_14rows3251-3500.csv","45","rayyan-550689426","41852610","10.3389/fcvm.2026.1761335","Artificial intelligence-enhanced electrocardiography for identifying subclinical left ventricular dysfunction in hypertensive individuals: a comprehensive clinical evaluation.","2026","Frontiers in cardiovascular medicine","include","0,95","AI-ECG;Structural-heart-disease;DTA-data","include","1","AI-ECG;Structural-heart-disease;DTA-data","agreement","none","include","no"
"reviewer_A_batch_14rows3251-3500.csv","46","rayyan-550689427","39995968","10.3389/fcvm.2025.1418914","Electrocardiography-based artificial intelligence predicts the upcoming future of heart failure with mildly reduced ejection fraction.","2025","Frontiers in cardiovascular medicine","include","0,95","AI-ECG;Structural-heart-disease;DTA-data","include","1","AI-ECG;Structural-heart-disease;DTA-data","agreement","none","include","no"
"reviewer_A_batch_14rows3251-3500.csv","47","rayyan-550689428","38076758","10.1016/j.jacadv.2023.100582","Patient-Level Artificial Intelligence-Enhanced Electrocardiography in Hypertrophic Cardiomyopathy: Longitudinal Treatment and Clinical Biomarker Correlations.","2023","JACC. Advances","include","0,95","AI-ECG;Structural-heart-disease;DTA-data","include","1","AI-ECG;Structural-heart-disease;DTA-data","agreement","none","include","no"
"reviewer_A_batch_14rows3251-3500.csv","48","rayyan-550689429","41768038","10.1093/ehjdh/ztag026","Evaluation of artificial intelligence-based electrocardiogram analysis tools in patients with hypertrophic cardiomyopathy.","2026","European heart journal. Digital health","include","0,95","AI-ECG;Structural-heart-disease;DTA-data","include","1","AI-ECG;Structural-heart-disease;DTA-data","agreement","none","include","no"
"reviewer_A_batch_14rows3251-3500.csv","50","rayyan-550689431","41716932","10.1093/ehjdh/ztag018","Validation and longitudinal trajectory analysis of an AI-based ECG model for aortic stenosis: from community screening to pre-TAVR risk stratification.","2026","European heart journal. Digital health","include","0,95","AI-ECG;Structural-heart-disease;DTA-data","include","1","AI-ECG;Structural-heart-disease;DTA-data","agreement","none","include","no"
"reviewer_A_batch_14rows3251-3500.csv","51","rayyan-550689432","35667835","10.2215/CJN.16481221","Automated Determination of Left Ventricular Function Using Electrocardiogram Data in Patients on Maintenance Hemodialysis.","2022","Clinical journal of the American Society of Nephrology : CJASN","include","0,95","AI-ECG;Structural-heart-disease;DTA-data","include","1","AI-ECG;Structural-heart-disease;DTA-data","agreement","none","include","no"
"reviewer_A_batch_14rows3251-3500.csv","52","rayyan-550689433","36712164","10.1093/ehjdh/ztac038","Improving explainability of deep neural network-based electrocardiogram interpretation using variational auto-encoders().","2022","European heart journal. Digital health","include","0,95","AI-ECG;Structural-heart-disease;DTA-data","include","1","AI-ECG;Structural-heart-disease;DTA-data","agreement","none","include","no"
"reviewer_A_batch_14rows3251-3500.csv","53","rayyan-550689434","41888699","10.1186/s12872-026-05763-3","Development and temporal validation of a two-stage ECG-based machine learning model for LVEF screening: a Middle Eastern cohort study.","2026","BMC cardiovascular disorders","include","0,95","AI-ECG;Structural-heart-disease;DTA-data","include","1","AI-ECG;Structural-heart-disease;DTA-data","agreement","none","include","no"
"reviewer_A_batch_14rows3251-3500.csv","54","rayyan-550689435","37949876","10.1038/s41598-023-46095-y","Risk prediction of inappropriate implantable cardioverter-defibrillator therapy using machine learning.","2023","Scientific reports","include","0,95","AI-ECG;Structural-heart-disease;DTA-data","include","1","AI-ECG;Structural-heart-disease;DTA-data","agreement","none","include","no"
"reviewer_A_batch_14rows3251-3500.csv","56","rayyan-550689437","37798357","10.1038/s41598-023-42331-7","An angiopoietin 2, FGF23, and BMP10 biomarker signature differentiates atrial fibrillation from other concomitant cardiovascular conditions.","2023","Scientific reports","include","0,95","AI-ECG;Structural-heart-disease;DTA-data","include","1","AI-ECG;Structural-heart-disease;DTA-data","agreement","none","include","no"
"reviewer_A_batch_14rows3251-3500.csv","57","rayyan-550689438","32419990","10.1109/JTEHM.2020.2990073","An Electrocardiographic System With Anthropometrics via Machine Learning to Screen Left Ventricular Hypertrophy among Young Adults.","2020","IEEE journal of translational engineering in health and medicine","include","0,95","AI-ECG;Structural-heart-disease;DTA-data","include","1","AI-ECG;Structural-heart-disease;DTA-data","agreement","none","include","no"
"reviewer_A_batch_14rows3251-3500.csv","58","rayyan-550689439","30854781","10.1002/ehf2.12426","A systematic review of clinical prediction rules for the diagnosis of chronic heart failure.","2019","ESC heart failure","include","0,95","AI-ECG;Structural-heart-disease;DTA-data","include","1","AI-ECG;Structural-heart-disease;DTA-data","agreement","none","include","no"
"reviewer_A_batch_14rows3251-3500.csv","59","rayyan-550689440","41267835","10.1093/ehjdh/ztaf117","Cardiac surveillance of childhood cancer using artificial intelligence-enabled electrocardiograms.","2025","European heart journal. Digital health","include","0,95","AI-ECG;Structural-heart-disease;DTA-data","include","1","AI-ECG;Structural-heart-disease;DTA-data","agreement","none","include","no"
"reviewer_A_batch_14rows3251-3500.csv","60","rayyan-550689441","40807167","10.3390/jcm14155548","Comparison of Artificial Intelligence-Derived Heart Age with Chronological Age Using Normal Sinus Electrocardiograms in Patients with No Evidence of Cardiac Disease.","2025","Journal of clinical medicine","include","0,95","AI-ECG;Structural-heart-disease;DTA-data","include","1","AI-ECG;Structural-heart-disease;DTA-data","agreement","none","include","no"
"reviewer_A_batch_14rows3251-3500.csv","61","rayyan-550689442","40703131","10.1093/ehjdh/ztaf054","Artificial intelligence-estimated electrocardiographic sex as a recurrence predictor after atrial fibrillation catheter ablation.","2025","European heart journal. Digital health","include","0,95","AI-ECG;Structural-heart-disease;DTA-data","include","1","AI-ECG;Structural-heart-disease;DTA-data","agreement","none","include","no"
"reviewer_A_batch_14rows3251-3500.csv","62","rayyan-550689443","42134538","10.1016/j.echo.2026.05.007","Diagnostic Performance Evaluation of Clinical and AI Risk Models in Patients Referred for Cardiac Amyloidosis Testing.","2026","Journal of the American Society of Echocardiography : official publication of the           American Society of Echocardiography","include","0,95","AI-ECG;Structural-heart-disease;DTA-data","include","1","AI-ECG;Structural-heart-disease;DTA-data","agreement","none","include","no"
"reviewer_A_batch_14rows3251-3500.csv","63","rayyan-550689444","39839953","10.1177/20552076241311460","Prediction of reduced left ventricular ejection fraction using atrial fibrillation or flutter electrocardiograms: A machine-learning study.","2025","Digital health","include","0,95","AI-ECG;Structural-heart-disease;DTA-data","include","1","AI-ECG;Structural-heart-disease;DTA-data","agreement","none","include","no"
"reviewer_A_batch_14rows3251-3500.csv","64","rayyan-550689445","40985002","10.1093/ehjdh/ztaf086","Artificial intelligence applications in hypertrophic cardiomyopathy: turns and loopholes.","2025","European heart journal. Digital health","include","0,95","AI-ECG;Structural-heart-disease;DTA-data","include","1","AI-ECG;Structural-heart-disease;DTA-data","agreement","none","include","no"
"reviewer_A_batch_14rows3251-3500.csv","65","rayyan-550689446","41939527","10.1016/j.mcpdig.2026.100347","Prediction of Heart Failure With Reduced Ejection Fraction With Artificial Intelligence Electrocardiography in Patients With Atrial Fibrillation.","2026","Mayo Clinic proceedings. Digital health","include","0,95","AI-ECG;Structural-heart-disease;DTA-data","include","1","AI-ECG;Structural-heart-disease;DTA-data","agreement","none","include","no"
"reviewer_A_batch_14rows3251-3500.csv","66","rayyan-550689447","40187528","10.1016/j.jjcc.2025.03.018","An evidence-based tool for screening for heart failure with preserved ejection fraction in primary care: The BREATH(2) score.","2025","Journal of cardiology","include","0,95","AI-ECG;Structural-heart-disease;DTA-data","include","1","AI-ECG;Structural-heart-disease;DTA-data","agreement","none","include","no"
"reviewer_A_batch_14rows3251-3500.csv","67","rayyan-550689448","41378244","10.3389/fradi.2025.1698680","Multimodal deep learning model for enhanced early detection of aortic stenosis integrating ECG and chest x-ray with cooperative learning.","2025","Frontiers in radiology","include","0,95","AI-ECG;Structural-heart-disease;DTA-data","include","1","AI-ECG;Structural-heart-disease;DTA-data","agreement","none","include","no"
"reviewer_A_batch_14rows3251-3500.csv","68","rayyan-550689449","36788316","10.1038/s43856-023-00240-w","Multi-center retrospective cohort study applying deep learning to electrocardiograms to identify left heart valvular dysfunction.","2023","Communications medicine","include","0,95","AI-ECG;Structural-heart-disease;DTA-data","include","1","AI-ECG;Structural-heart-disease;DTA-data","agreement","none","include","no"
"reviewer_A_batch_14rows3251-3500.csv","69","rayyan-550689450","41574037","10.1093/ehjdh/ztaf122","Automated estimation of computed tomography-derived left ventricular mass using sex-specific 12-lead ECG-based temporal convolutional network.","2026","European heart journal. Digital health","include","0,95","AI-ECG;Structural-heart-disease;DTA-data","include","1","AI-ECG;Structural-heart-disease;DTA-data","agreement","none","include","no"
"reviewer_A_batch_14rows3251-3500.csv","70","rayyan-550689451","41601756","10.3389/fmed.2025.1685419","Diagnostic accuracy of ChatGPT for 12-lead ECG-based localisation of ventricular ectopic foci prior to catheter ablation.","2025","Frontiers in medicine","include","0,95","AI-ECG;Structural-heart-disease;DTA-data","include","1","AI-ECG;Structural-heart-disease;DTA-data","agreement","none","include","no"
"reviewer_A_batch_14rows3251-3500.csv","71","rayyan-550689452","38854156","10.1101/2024.05.31.24308304","Deep neural networks detect regional wall motion abnormalities and preclinical cardiovascular disease from 12-lead ECGs.","2024","medRxiv : the preprint server for health sciences","include","0,95","AI-ECG;Structural-heart-disease;DTA-data","include","1","AI-ECG;Structural-heart-disease;DTA-data","agreement","none","include","no"
"reviewer_A_batch_14rows3251-3500.csv","72","rayyan-550689453","41446031","10.1056/aioa2500164","A foundation transformer model with self-supervised learning for ECG-based assessment of cardiac and coronary function.","2025","NEJM AI","include","0,95","AI-ECG;Structural-heart-disease;DTA-data","include","1","AI-ECG;Structural-heart-disease;DTA-data","agreement","none","include","no"
"reviewer_A_batch_14rows3251-3500.csv","76","rayyan-550689457","37918783","10.1016/j.repc.2023.10.004","Portuguese Heart Failure Prevalence Observational Study (PORTHOS) rationale and design - A population-based study.","2023","Revista portuguesa de cardiologia : orgao oficial da Sociedade Portuguesa de           Cardiologia = Portuguese journal of cardiology : an official journal of the            Portuguese Society of Cardiology","include","0,95","AI-ECG;Structural-heart-disease;DTA-data","include","1","AI-ECG;Structural-heart-disease;DTA-data","agreement","none","include","no"
"reviewer_A_batch_14rows3251-3500.csv","77","rayyan-550689458","37162979","10.1101/2023.04.25.23289130","Quantitative prediction of right ventricular and size and function from the electrocardiogram.","2023","medRxiv : the preprint server for health sciences","include","0,95","AI-ECG;Structural-heart-disease;DTA-data","include","1","AI-ECG;Structural-heart-disease;DTA-data","agreement","none","include","no"
"reviewer_A_batch_14rows3251-3500.csv","78","rayyan-550689459","40065863","10.7759/cureus.78683","Efficacy of AI Models in Detecting Heart Failure Using ECG Data: A Systematic Review and Meta-Analysis.","2025","Cureus","include","0,95","AI-ECG;Structural-heart-disease;DTA-data","include","1","AI-ECG;Structural-heart-disease;DTA-data","agreement","none","include","no"
"reviewer_A_batch_14rows3251-3500.csv","79","rayyan-550689460","39698126","10.1109/OJEMB.2024.3509379","An ECG-Based Model for Left Ventricular Hypertrophy Detection: A Machine Learning Approach.","2025","IEEE open journal of engineering in medicine and biology","include","0,95","AI-ECG;Structural-heart-disease;DTA-data","include","1","AI-ECG;Structural-heart-disease;DTA-data","agreement","none","include","no"
"reviewer_A_batch_14rows3251-3500.csv","80","rayyan-550689461","41827995","10.3390/diagnostics16050719","An Open-Source Analysis of Cardiomyopathy Using Machine Learning and Electrocardiograms.","2026","Diagnostics (Basel, Switzerland)","include","0,95","AI-ECG;Structural-heart-disease;DTA-data","include","1","AI-ECG;Structural-heart-disease;DTA-data","agreement","none","include","no"
"reviewer_A_batch_14rows3251-3500.csv","81","rayyan-550689462","31074221","10.4070/kcj.2018.0446","Development and Validation of Deep-Learning Algorithm for Electrocardiography-Based Heart Failure Identification.","2019","Korean circulation journal","include","0,95","AI-ECG;Structural-heart-disease;DTA-data","include","1","AI-ECG;Structural-heart-disease;DTA-data","agreement","none","include","no"
"reviewer_A_batch_14rows3251-3500.csv","82","rayyan-550689463","41884351","10.1088/3049-477X/ae451a","Machine learning models enhance detection of arrhythmogenic right ventricular cardiomyopathy.","2026","Machine learning. Health","include","0,95","AI-ECG;Structural-heart-disease;DTA-data","include","1","AI-ECG;Structural-heart-disease;DTA-data","agreement","none","include","no"
"reviewer_A_batch_14rows3251-3500.csv","83","rayyan-550689464","21950619","10.1111/j.1365-2362.2011.02596.x","Estimation of left ventricular function using a novel acoustic-based device.","2012","European journal of clinical investigation","include","0,95","AI-ECG;Structural-heart-disease;DTA-data","include","1","AI-ECG;Structural-heart-disease;DTA-data","agreement","none","include","no"
"reviewer_A_batch_14rows3251-3500.csv","86","rayyan-550689467","42176692","10.1016/j.jelectrocard.2026.154359","DeepECG.ai: An AI-enhanced ECG analysis platform to bridge the expertise gap from primary care to cardiology.","2026","Journal of electrocardiology","include","0,95","AI-ECG;Structural-heart-disease;DTA-data","include","1","AI-ECG;Structural-heart-disease;DTA-data","agreement","none","include","no"
"reviewer_A_batch_14rows3251-3500.csv","87","rayyan-550689468","39081943","10.1093/ehjdh/ztae035","Dynamic risk stratification of worsening heart failure using a deep learning-enabled implanted ambulatory single-lead electrocardiogram.","2024","European heart journal. Digital health","include","0,95","AI-ECG;Structural-heart-disease;DTA-data","include","1","AI-ECG;Structural-heart-disease;DTA-data","agreement","none","include","no"
"reviewer_A_batch_14rows3251-3500.csv","88","rayyan-550689469","36310683","10.1016/j.cvdhj.2022.07.074","Enhancing convolutional neural network predictions of electrocardiograms with left ventricular dysfunction using a novel sub-waveform representation.","2022","Cardiovascular digital health journal","include","0,95","AI-ECG;Structural-heart-disease;DTA-data","include","1","AI-ECG;Structural-heart-disease;DTA-data","agreement","none","include","no"
"reviewer_A_batch_14rows3251-3500.csv","89","rayyan-550689470","41925404","10.1053/j.jvca.2026.03.002","Digital Stethoscope-Derived Single-Lead Electrocardiogram and Artificial Intelligence to Detect Low Ejection Fraction: A Multicenter Observational Study.","2026","Journal of cardiothoracic and vascular anesthesia","include","0,95","AI-ECG;Structural-heart-disease;DTA-data","include","1","AI-ECG;Structural-heart-disease;DTA-data","agreement","none","include","no"
"reviewer_A_batch_14rows3251-3500.csv","90","rayyan-550689471","24280765","10.1093/europace/eut354","Current investigation and management of patients with syncope: results of the European Heart Rhythm Association survey.","2013","Europace : European pacing, arrhythmias, and cardiac electrophysiology : journal           of the working groups on cardiac pacing, arrhythmias, and cardiac cellular            electrophysiology of the European Society of Cardiology","include","0,95","AI-ECG;Structural-heart-disease;DTA-data","include","1","AI-ECG;Structural-heart-disease;DTA-data","agreement","none","include","no"
"reviewer_A_batch_14rows3251-3500.csv","91","rayyan-550689472","34053487","10.3760/cma.j.cn121430-20201217-00760","[Development and validation of a clinical predictive model for the risk of malignant ventricular arrhythmia during hospitalization in patients with acute myocardial infarction].","2021","Zhonghua wei zhong bing ji jiu yi xue","include","0,95","AI-ECG;Structural-heart-disease;DTA-data","include","1","AI-ECG;Structural-heart-disease;DTA-data","agreement","none","include","no"
"reviewer_A_batch_14rows3251-3500.csv","93","rayyan-550689474","37280346","10.1038/s41746-023-00840-9","A foundational vision transformer improves diagnostic performance for electrocardiograms.","2023","NPJ digital medicine","include","0,95","AI-ECG;Structural-heart-disease;DTA-data","include","1","AI-ECG;Structural-heart-disease;DTA-data","agreement","none","include","no"
"reviewer_A_batch_14rows3251-3500.csv","94","rayyan-550689475","42074838","10.3390/jcm15083037","Artificial Intelligence in Cardiac Amyloidosis: A State-of-the-Art Review.","2026","Journal of clinical medicine","include","0,95","AI-ECG;Structural-heart-disease;DTA-data","include","1","AI-ECG;Structural-heart-disease;DTA-data","agreement","none","include","no"
"reviewer_A_batch_14rows3251-3500.csv","95","rayyan-550689476","35330455","10.3390/jpm12030455","Artificial Intelligence-Enabled Electrocardiography Predicts Left Ventricular Dysfunction and Future Cardiovascular Outcomes: A Retrospective Analysis.","2022","Journal of personalized medicine","include","0,95","AI-ECG;Structural-heart-disease;DTA-data","include","1","AI-ECG;Structural-heart-disease;DTA-data","agreement","none","include","no"
"reviewer_A_batch_14rows3251-3500.csv","97","rayyan-550689478","39252891","10.1101/2024.08.25.24312556","Tracking the Preclinical Progression of Transthyretin Amyloid Cardiomyopathy Using Artificial Intelligence-Enabled Electrocardiography and Echocardiography.","2025","medRxiv : the preprint server for health sciences","include","0,95","AI-ECG;Structural-heart-disease;DTA-data","include","1","AI-ECG;Structural-heart-disease;DTA-data","agreement","none","include","no"
"reviewer_A_batch_14rows3251-3500.csv","98","rayyan-550689479","19396643","10.1080/17482940802588317","Clinical evaluation of a fully automated model-based algorithm to calculate left ventricular volumes and ejection fraction using multidetector computed tomography.","2009","Acute cardiac care","include","0,95","AI-ECG;Structural-heart-disease;DTA-data","include","1","AI-ECG;Structural-heart-disease;DTA-data","agreement","none","include","no"
"reviewer_A_batch_14rows3251-3500.csv","99","rayyan-550689480","22256306","10.1109/IEMBS.2011.6092082","Intra- and inter-beat modeling of cardiovascular dynamics and control: assessing haemodynamic stability and responsiveness.","2011","Annual International Conference of the IEEE Engineering in Medicine and Biology           Society. IEEE Engineering in Medicine and Biology Society. Annual International            Conference","include","0,95","AI-ECG;Structural-heart-disease;DTA-data","include","1","AI-ECG;Structural-heart-disease;DTA-data","agreement","none","include","no"
"reviewer_A_batch_14rows3251-3500.csv","100","rayyan-550689481","27774266","10.1002/ehf2.12067","ECG as a first step in the detection of left ventricular systolic dysfunction in the elderly.","2016","ESC heart failure","include","0,95","AI-ECG;Structural-heart-disease;DTA-data","include","1","AI-ECG;Structural-heart-disease;DTA-data","agreement","none","include","no"
"reviewer_A_batch_14rows3251-3500.csv","101","rayyan-550689482","19575156","10.1007/s00059-009-3236-3","Sudden cardiac death in athletes: can it be prevented by screening?","2009","Herz","include","0,95","AI-ECG;Structural-heart-disease;DTA-data","include","1","AI-ECG;Structural-heart-disease;DTA-data","agreement","none","include","no"
"reviewer_A_batch_14rows3251-3500.csv","102","rayyan-550689483","16000278","","Assessment of diastolic function using 16-frame 99mTc-sestamibi gated myocardial perfusion SPECT: normal values.","2005","Journal of nuclear medicine : official publication, Society of Nuclear Medicine","include","0,95","AI-ECG;Structural-heart-disease;DTA-data","include","1","AI-ECG;Structural-heart-disease;DTA-data","agreement","none","include","no"
"reviewer_A_batch_14rows3251-3500.csv","104","rayyan-550689485","34671860","10.1007/s11883-021-00976-7","Differences in the 2020 ESC Versus 2015 ESC and 2014 ACC/AHA Guidelines on the Management of Acute Coronary Syndromes in Patients Presenting Without Persistent ST-Segment Elevation.","2021","Current atherosclerosis reports","include","0,95","AI-ECG;Structural-heart-disease;DTA-data","include","1","AI-ECG;Structural-heart-disease;DTA-data","agreement","none","include","no"
"reviewer_A_batch_14rows3251-3500.csv","105","rayyan-550689486","41302974","10.3390/jcm14227938","Pre-Hospital Artificial Intelligence-Guided, Focused Echocardiography in Patients with Acute Chest Pain for Diagnosis of Acute Coronary Syndrome.","2025","Journal of clinical medicine","include","0,95","AI-ECG;Structural-heart-disease;DTA-data","include","1","AI-ECG;Structural-heart-disease;DTA-data","agreement","none","include","no"
"reviewer_A_batch_14rows3251-3500.csv","107","rayyan-550689488","38025953","10.2478/jtim-2023-0088","A generalized deep learning model for heart failure diagnosis using dynamic and static ultrasound.","2023","Journal of translational internal medicine","include","0,95","AI-ECG;Structural-heart-disease;DTA-data","include","1","AI-ECG;Structural-heart-disease;DTA-data","agreement","none","include","no"
"reviewer_A_batch_14rows3251-3500.csv","108","rayyan-550689489","39582843","10.6515/ACS.202411_40(6).20240918B","Correlating Electrocardiograms with Echocardiographic Parameters in Hemodynamically-Significant Aortic Regurgitation Using Deep Learning.","2024","Acta Cardiologica Sinica","include","0,95","AI-ECG;Structural-heart-disease;DTA-data","include","1","AI-ECG;Structural-heart-disease;DTA-data","agreement","none","include","no"
"reviewer_A_batch_14rows3251-3500.csv","110","rayyan-550689491","39498355","10.3389/fcvm.2024.1464303","AI-enabled detection of QRS fragmentation from 12-lead electrocardiogram and its clinical relevance for predicting malignant arrhythmia onset.","2024","Frontiers in cardiovascular medicine","include","0,95","AI-ECG;Structural-heart-disease;DTA-data","include","1","AI-ECG;Structural-heart-disease;DTA-data","agreement","none","include","no"
"reviewer_A_batch_14rows3251-3500.csv","112","rayyan-550689493","15842438","10.1111/j.1542-474X.2005.10205.x","QT dynamics and variability.","2005","Annals of noninvasive electrocardiology : the official journal of the           International Society for Holter and Noninvasive Electrocardiology, Inc","include","0,95","AI-ECG;Structural-heart-disease;DTA-data","include","1","AI-ECG;Structural-heart-disease;DTA-data","agreement","none","include","no"
"reviewer_A_batch_14rows3251-3500.csv","113","rayyan-550689494","39886205","10.1016/j.jacasi.2024.10.012","Deep Learning-Based Identification of Echocardiographic Abnormalities From Electrocardiograms.","2025","JACC. Asia","include","0,95","AI-ECG;Structural-heart-disease;DTA-data","include","1","AI-ECG;Structural-heart-disease;DTA-data","agreement","none","include","no"
"reviewer_A_batch_14rows3251-3500.csv","114","rayyan-550689495","39493911","10.1016/j.hroo.2024.07.009","Performance of off-the-shelf machine learning architectures and biases in low left ventricular ejection fraction detection.","2024","Heart rhythm O2","include","0,95","AI-ECG;Structural-heart-disease;DTA-data","include","1","AI-ECG;Structural-heart-disease;DTA-data","agreement","none","include","no"
"reviewer_A_batch_14rows3251-3500.csv","115","rayyan-550689496","37937270","10.1093/pnasnexus/pgad327","Deep learning unmasks the ECG signature of Brugada syndrome.","2023","PNAS nexus","include","0,95","AI-ECG;Structural-heart-disease;DTA-data","include","1","AI-ECG;Structural-heart-disease;DTA-data","agreement","none","include","no"
"reviewer_A_batch_14rows3251-3500.csv","116","rayyan-550689497","34422921","10.3389/fcvm.2021.684004","Early Prediction of Left Ventricular Reverse Remodeling in First-Diagnosed Idiopathic Dilated Cardiomyopathy: A Comparison of Linear Model, Random Forest, and Extreme Gradient Boosting.","2021","Frontiers in cardiovascular medicine","include","0,95","AI-ECG;Structural-heart-disease;DTA-data","include","1","AI-ECG;Structural-heart-disease;DTA-data","agreement","none","include","no"
"reviewer_A_batch_14rows3251-3500.csv","118","rayyan-550689499","35207802","10.3390/jpm12020315","Artificial Intelligence-Enabled Electrocardiogram Estimates Left Atrium Enlargement as a Predictor of Future Cardiovascular Disease.","2022","Journal of personalized medicine","include","0,95","AI-ECG;Structural-heart-disease;DTA-data","include","1","AI-ECG;Structural-heart-disease;DTA-data","agreement","none","include","no"
"reviewer_A_batch_14rows3251-3500.csv","119","rayyan-550689500","42112073","10.4103/apc.apc_318_25","Utility of artificial intelligence electrocardiogram screening tool for hypertrophic cardiomyopathy in an adolescent population.","2026","Annals of pediatric cardiology","include","0,95","AI-ECG;Structural-heart-disease;DTA-data","include","1","AI-ECG;Structural-heart-disease;DTA-data","agreement","none","include","no"
"reviewer_A_batch_14rows3251-3500.csv","122","rayyan-550689503","35295255","10.3389/fcvm.2022.812719","Machine Learning Using a Single-Lead ECG to Identify Patients With Atrial Fibrillation-Induced Heart Failure.","2022","Frontiers in cardiovascular medicine","include","0,95","AI-ECG;Structural-heart-disease;DTA-data","include","1","AI-ECG;Structural-heart-disease;DTA-data","agreement","none","include","no"
"reviewer_A_batch_14rows3251-3500.csv","124","rayyan-550689505","36532114","10.1177/20552076221143249","Artificial intelligence-enabled electrocardiogram screens low left ventricular ejection fraction with a degree of confidence.","2022","Digital health","include","0,95","AI-ECG;Structural-heart-disease;DTA-data","include","1","AI-ECG;Structural-heart-disease;DTA-data","agreement","none","include","no"
"reviewer_A_batch_14rows3251-3500.csv","127","rayyan-550689508","34778415","10.3389/fcvm.2021.764312","Radiomics-Based Classification of Left Ventricular Non-compaction, Hypertrophic Cardiomyopathy, and Dilated Cardiomyopathy in Cardiovascular Magnetic Resonance.","2021","Frontiers in cardiovascular medicine","include","0,95","AI-ECG;Structural-heart-disease;DTA-data","include","1","AI-ECG;Structural-heart-disease;DTA-data","agreement","none","include","no"
"reviewer_A_batch_14rows3251-3500.csv","130","rayyan-550689511","41357081","10.3389/fcvm.2025.1532770","Evaluation of AI-enhanced tele-ECG response time and diagnosis in acute chest pain patients.","2025","Frontiers in cardiovascular medicine","include","0,95","AI-ECG;Structural-heart-disease;DTA-data","include","1","AI-ECG;Structural-heart-disease;DTA-data","agreement","none","include","no"
"reviewer_A_batch_14rows3251-3500.csv","131","rayyan-550689513","35686042","10.3389/fcvm.2022.889523","Derivation and Validation of a Screening Model for Hypertrophic Cardiomyopathy Based on Electrocardiogram Features.","2022","Frontiers in cardiovascular medicine","include","0,95","AI-ECG;Structural-heart-disease;DTA-data","include","1","AI-ECG;Structural-heart-disease;DTA-data","agreement","none","include","no"
"reviewer_A_batch_14rows3251-3500.csv","135","rayyan-550689517","40932946","10.7759/cureus.89743","Investigating the Efficacy of AI-Powered Innovations in ECG Analysis and Continuous Heart Monitoring: A Comprehensive Narrative Review.","2025","Cureus","include","0,95","AI-ECG;Structural-heart-disease;DTA-data","include","1","AI-ECG;Structural-heart-disease;DTA-data","agreement","none","include","no"
"reviewer_A_batch_14rows3251-3500.csv","137","rayyan-550689519","41676240","10.1049/htl2.70063","Internet of Medical Things Enabled Multimodal Framework: Deep Machine Learning for Chronic Cardiac Disease Prediction in Healthcare 5.0.","2026","Healthcare technology letters","include","0,95","AI-ECG;Structural-heart-disease;DTA-data","include","1","AI-ECG;Structural-heart-disease;DTA-data","agreement","none","include","no"
"reviewer_A_batch_14rows3251-3500.csv","138","rayyan-550689520","29486898","10.1016/j.jelectrocard.2018.02.004","Magnetocardiographic classification and non-invasive electro-anatomical imaging of outflow tract ventricular arrhythmias in recreational sport activity practitioners.","2018","Journal of electrocardiology","include","0,95","AI-ECG;Structural-heart-disease;DTA-data","include","1","AI-ECG;Structural-heart-disease;DTA-data","agreement","none","include","no"
"reviewer_A_batch_14rows3251-3500.csv","143","rayyan-550689525","41896047","10.1016/j.jnma.2026.03.004","Addressing disparities in transthyretin amyloid cardiomyopathy: A systematic review of artificial intelligence in the early identification to improve patient outcomes.","2026","Journal of the National Medical Association","include","0,95","AI-ECG;Structural-heart-disease;DTA-data","include","1","AI-ECG;Structural-heart-disease;DTA-data","agreement","none","include","no"
"reviewer_A_batch_14rows3251-3500.csv","147","rayyan-550689529","37431922","10.1093/eurjpc/zwad228","Atrial fibrillation in embolic stroke of undetermined source: role of advanced imaging of left atrial function.","2023","European journal of preventive cardiology","include","0,95","AI-ECG;Structural-heart-disease;DTA-data","include","1","AI-ECG;Structural-heart-disease;DTA-data","agreement","none","include","no"
"reviewer_A_batch_14rows3251-3500.csv","150","rayyan-550689532","23910641","10.1016/j.repc.2012.10.019","[Utility of B-type natriuretic peptide measurement in outpatients with heart failure with preserved ejection fraction].","2013","Revista portuguesa de cardiologia : orgao oficial da Sociedade Portuguesa de           Cardiologia = Portuguese journal of cardiology : an official journal of the            Portuguese Society of Cardiology","include","0,95","AI-ECG;Structural-heart-disease;DTA-data","include","1","AI-ECG;Structural-heart-disease;DTA-data","agreement","none","include","no"
"reviewer_A_batch_14rows3251-3500.csv","152","rayyan-550689534","33021489","10.2196/20496","Use of mHealth Devices to Screen for Atrial Fibrillation: Cost-Effectiveness Analysis.","2020","JMIR mHealth and uHealth","include","0,95","AI-ECG;Structural-heart-disease;DTA-data","include","1","AI-ECG;Structural-heart-disease;DTA-data","agreement","none","include","no"
"reviewer_A_batch_14rows3251-3500.csv","155","rayyan-550689537","35580569","10.1159/000524765","Association of Soluble Suppression of Tumorigenicity 2 with New-Onset Atrial Fibrillation in Acute Myocardial Infarction.","2022","Cardiology","include","0,95","AI-ECG;Structural-heart-disease;DTA-data","include","1","AI-ECG;Structural-heart-disease;DTA-data","agreement","none","include","no"
"reviewer_A_batch_14rows3251-3500.csv","158","rayyan-550689540","40093248","10.1101/2025.03.02.25322575","Foundation models for generalizable electrocardiogram interpretation: comparison of supervised and self-supervised electrocardiogram foundation models.","2025","medRxiv : the preprint server for health sciences","include","0,95","AI-ECG;Structural-heart-disease;DTA-data","include","1","AI-ECG;Structural-heart-disease;DTA-data","agreement","none","include","no"
"reviewer_A_batch_14rows3251-3500.csv","159","rayyan-550689541","26660552","10.14814/phy2.12639","Mouse ECG findings in aging, with conduction system affecting drugs and in cardiac pathologies: Development and validation of ECG analysis algorithm in mice.","2015","Physiological reports","include","0,95","AI-ECG;Structural-heart-disease;DTA-data","include","1","AI-ECG;Structural-heart-disease;DTA-data","agreement","none","include","no"
"reviewer_A_batch_14rows3251-3500.csv","161","rayyan-550689543","41951962","10.1038/s41746-026-02462-3","Personalized artificial intelligence based left ventricular ejection fraction and systolic dysfunction assessment.","2026","NPJ digital medicine","include","0,95","AI-ECG;Structural-heart-disease;DTA-data","include","1","AI-ECG;Structural-heart-disease;DTA-data","agreement","none","include","no"
"reviewer_A_batch_14rows3251-3500.csv","163","rayyan-550689545","40206537","10.1016/j.mcpdig.2024.10.001","Cost-Effectiveness of Artificial Intelligence-Enabled Electrocardiograms for Early Detection of Low Ejection Fraction: A Secondary Analysis of the Electrocardiogram Artificial Intelligence-Guided Screening for Low Ejection Fraction Trial.","2024","Mayo Clinic proceedings. Digital health","include","0,95","AI-ECG;Structural-heart-disease;DTA-data","include","1","AI-ECG;Structural-heart-disease;DTA-data","agreement","none","include","no"
"reviewer_A_batch_14rows3251-3500.csv","165","rayyan-550689547","34598070","10.1016/j.compbiomed.2021.104872","Non-invasive simulated electrical and measured mechanical indices predict response to cardiac resynchronization therapy.","2021","Computers in biology and medicine","include","0,95","AI-ECG;Structural-heart-disease;DTA-data","include","1","AI-ECG;Structural-heart-disease;DTA-data","agreement","none","include","no"
"reviewer_A_batch_14rows3251-3500.csv","169","rayyan-550689551","38288263","10.1016/j.jacadv.2023.100686","Clinical Applications, Methodology, and Scientific Reporting of Electrocardiogram Deep-Learning Models: A Systematic Review.","2023","JACC. Advances","include","0,95","AI-ECG;Structural-heart-disease;DTA-data","include","1","AI-ECG;Structural-heart-disease;DTA-data","agreement","none","include","no"
"reviewer_A_batch_14rows3251-3500.csv","172","rayyan-550689554","40321742","10.1016/j.hroo.2025.01.004","Premature ventricular contraction detection and estimation of daily burden by an insertable cardiac monitor.","2025","Heart rhythm O2","include","0,95","AI-ECG;Structural-heart-disease;DTA-data","include","1","AI-ECG;Structural-heart-disease;DTA-data","agreement","none","include","no"
"reviewer_A_batch_14rows3251-3500.csv","176","rayyan-550689558","37644795","10.2174/1381612829666230830105740","Risk Prediction Models and Novel Prognostic Factors for Heart Failure with Preserved Ejection Fraction: A Systematic and Comprehensive Review.","2023","Current pharmaceutical design","include","0,95","AI-ECG;Structural-heart-disease;DTA-data","include","1","AI-ECG;Structural-heart-disease;DTA-data","agreement","none","include","no"
"reviewer_A_batch_14rows3251-3500.csv","177","rayyan-550689559","40475715","10.31083/RCM38209","ECG Screening in Athletes: A Systematic Review of Sport, Age, and Gender Variations.","2025","Reviews in cardiovascular medicine","include","0,95","AI-ECG;Structural-heart-disease;DTA-data","include","1","AI-ECG;Structural-heart-disease;DTA-data","agreement","none","include","no"
"reviewer_A_batch_14rows3251-3500.csv","178","rayyan-550689560","37744026","10.1007/s13755-023-00244-9","Differential diagnosis between dilated cardiomyopathy and ischemic cardiomyopathy based on variational mode decomposition and high order spectra analysis.","2023","Health information science and systems","include","0,95","AI-ECG;Structural-heart-disease;DTA-data","include","1","AI-ECG;Structural-heart-disease;DTA-data","agreement","none","include","no"
"reviewer_A_batch_14rows3251-3500.csv","180","rayyan-550689562","41113504","10.1093/jamiaopen/ooaf122","ECG-FM: an open electrocardiogram foundation model.","2025","JAMIA open","include","0,95","AI-ECG;Structural-heart-disease;DTA-data","include","1","AI-ECG;Structural-heart-disease;DTA-data","agreement","none","include","no"
"reviewer_A_batch_14rows3251-3500.csv","184","rayyan-550689566","15187054","10.1001/jama.291.22.2727","A validated prediction model for all forms of acute coronary syndrome: estimating the risk of 6-month postdischarge death in an international registry.","2004","JAMA","include","0,95","AI-ECG;Structural-heart-disease;DTA-data","include","1","AI-ECG;Structural-heart-disease;DTA-data","agreement","none","include","no"
"reviewer_A_batch_14rows3251-3500.csv","186","rayyan-550689568","40230672","10.1016/j.jscai.2025.102567","Role of Artificial Intelligence in Congenital Heart Disease and Interventions.","2025","Journal of the Society for Cardiovascular Angiography & Interventions","include","0,95","AI-ECG;Structural-heart-disease;DTA-data","include","1","AI-ECG;Structural-heart-disease;DTA-data","agreement","none","include","no"
"reviewer_A_batch_14rows3251-3500.csv","187","rayyan-550689569","27599400","10.1016/j.ajem.2016.08.023","Development of a clinical prediction score for congestive heart failure diagnosis in the emergency care setting: The Brest score.","2016","The American journal of emergency medicine","include","0,95","AI-ECG;Structural-heart-disease;DTA-data","include","1","AI-ECG;Structural-heart-disease;DTA-data","agreement","none","include","no"
"reviewer_A_batch_14rows3251-3500.csv","189","rayyan-550689571","26325277","10.1097/NNR.0000000000000111","A Novel Noninvasive Device to Assess Sympathetic Nervous System Function in Patients With Heart Failure.","2015","Nursing research","include","0,95","AI-ECG;Structural-heart-disease;DTA-data","include","1","AI-ECG;Structural-heart-disease;DTA-data","agreement","none","include","no"
"reviewer_A_batch_14rows3251-3500.csv","190","rayyan-550689572","19153274","10.1161/CIRCULATIONAHA.107.693879","Declining severity of myocardial infarction from 1987 to 2002: the Atherosclerosis Risk in Communities (ARIC) Study.","2009","Circulation","include","0,95","AI-ECG;Structural-heart-disease;DTA-data","include","1","AI-ECG;Structural-heart-disease;DTA-data","agreement","none","include","no"
"reviewer_A_batch_14rows3251-3500.csv","192","rayyan-550689574","39846070","10.1093/ehjdh/ztae085","Use of artificial intelligence to predict outcomes in mild aortic valve stenosis.","2025","European heart journal. Digital health","include","0,95","AI-ECG;Structural-heart-disease;DTA-data","include","1","AI-ECG;Structural-heart-disease;DTA-data","agreement","none","include","no"
"reviewer_A_batch_14rows3251-3500.csv","193","rayyan-550689575","37745419","10.1101/2023.09.10.23295251","DCM-PROGRESS: predicting end-stage heart failure in non-ischemic dilated cardiomyopathy patients.","2023","medRxiv : the preprint server for health sciences","include","0,95","AI-ECG;Structural-heart-disease;DTA-data","include","1","AI-ECG;Structural-heart-disease;DTA-data","agreement","none","include","no"
"reviewer_A_batch_14rows3251-3500.csv","201","rayyan-550689583","35498038","10.3389/fcvm.2022.768847","Automatic Identification of Patients With Unexplained Left Ventricular Hypertrophy in Electronic Health Record Data to Improve Targeted Treatment and Family Screening.","2022","Frontiers in cardiovascular medicine","include","0,95","AI-ECG;Structural-heart-disease;DTA-data","include","1","AI-ECG;Structural-heart-disease;DTA-data","agreement","none","include","no"
"reviewer_A_batch_14rows3251-3500.csv","202","rayyan-550689584","35942335","10.2147/CIA.S369657","Preoperative Transthoracic Echocardiography Predicts Cardiac Complications in Elderly Patients with Coronary Artery Disease Undergoing Noncardiac Surgery.","2022","Clinical interventions in aging","include","0,95","AI-ECG;Structural-heart-disease;DTA-data","include","1","AI-ECG;Structural-heart-disease;DTA-data","agreement","none","include","no"
"reviewer_A_batch_14rows3251-3500.csv","203","rayyan-550689585","21812498","10.2165/11591680-000000000-00000","Is antiarrhythmic treatment in the elderly different? a review of the specific changes.","2011","Drugs & aging","include","0,95","AI-ECG;Structural-heart-disease;DTA-data","include","1","AI-ECG;Structural-heart-disease;DTA-data","agreement","none","include","no"
"reviewer_A_batch_14rows3251-3500.csv","204","rayyan-550689586","34495452","10.1007/s11897-021-00528-9","Optimal CRT Implantation-Where and How To Place the Left-Ventricular Lead?","2021","Current heart failure reports","include","0,95","AI-ECG;Structural-heart-disease;DTA-data","include","1","AI-ECG;Structural-heart-disease;DTA-data","agreement","none","include","no"
"reviewer_A_batch_14rows3251-3500.csv","205","rayyan-550689587","37129937","10.2196/44791","Feasibility of Artificial Intelligence-Based Electrocardiography Analysis for the Prediction of Obstructive Coronary Artery Disease in Patients With Stable Angina: Validation Study.","2023","JMIR cardio","include","0,95","AI-ECG;Structural-heart-disease;DTA-data","include","1","AI-ECG;Structural-heart-disease;DTA-data","agreement","none","include","no"
"reviewer_A_batch_14rows3251-3500.csv","206","rayyan-550689588","36712269","10.3389/fcvm.2022.1101152","Structural and electrophysiological determinants of atrial cardiomyopathy identify remodeling discrepancies between paroxysmal and persistent atrial fibrillation.","2022","Frontiers in cardiovascular medicine","include","0,95","AI-ECG;Structural-heart-disease;DTA-data","include","1","AI-ECG;Structural-heart-disease;DTA-data","agreement","none","include","no"
"reviewer_A_batch_14rows3251-3500.csv","207","rayyan-550689589","42164738","10.21037/cdt-2025-aw-550","Artificial intelligence across the cardiovascular diagnostic pathway: a case-based narrative review.","2026","Cardiovascular diagnosis and therapy","include","0,95","AI-ECG;Structural-heart-disease;DTA-data","include","1","AI-ECG;Structural-heart-disease;DTA-data","agreement","none","include","no"
"reviewer_A_batch_14rows3251-3500.csv","210","rayyan-550689592","33861205","10.2196/25347","Reliable Deep Learning-Based Detection of Misplaced Chest Electrodes During Electrocardiogram Recording: Algorithm Development and Validation.","2021","JMIR medical informatics","include","0,95","AI-ECG;Structural-heart-disease;DTA-data","include","1","AI-ECG;Structural-heart-disease;DTA-data","agreement","none","include","no"
"reviewer_A_batch_14rows3251-3500.csv","211","rayyan-550689593","38802273","10.1136/bmjopen-2023-081416","Understanding patterns of fatigue in health and disease: protocol for an ecological momentary assessment study using digital technologies.","2024","BMJ open","include","0,95","AI-ECG;Structural-heart-disease;DTA-data","include","1","AI-ECG;Structural-heart-disease;DTA-data","agreement","none","include","no"
"reviewer_A_batch_14rows3251-3500.csv","212","rayyan-550689594","36920994","10.1371/journal.pone.0282565","The accuracy of the Stroke Risk Analysis (SRA) system for predicting atrial fibrillation in patients in the postoperative period of myocardial revascularization.","2023","PloS one","include","0,95","AI-ECG;Structural-heart-disease;DTA-data","include","1","AI-ECG;Structural-heart-disease;DTA-data","agreement","none","include","no"
"reviewer_A_batch_14rows3251-3500.csv","213","rayyan-550689595","32291091","10.1016/j.amjcard.2020.03.002","Development of a Risk Score for Atrial Fibrillation in Adults With Diabetes Mellitus (from the ACCORD Study).","2020","The American journal of cardiology","include","0,95","AI-ECG;Structural-heart-disease;DTA-data","include","1","AI-ECG;Structural-heart-disease;DTA-data","agreement","none","include","no"
"reviewer_A_batch_14rows3251-3500.csv","214","rayyan-550689596","25862307","10.1093/europace/euv062","Automated detection of effective left-ventricular pacing: going beyond percentage pacing counters.","2015","Europace : European pacing, arrhythmias, and cardiac electrophysiology : journal           of the working groups on cardiac pacing, arrhythmias, and cardiac cellular            electrophysiology of the European Society of Cardiology","include","0,95","AI-ECG;Structural-heart-disease;DTA-data","include","1","AI-ECG;Structural-heart-disease;DTA-data","agreement","none","include","no"
"reviewer_A_batch_14rows3251-3500.csv","218","rayyan-550689600","38247935","10.3390/bioengineering11010058","Cardiovascular Diseases Diagnosis Using an ECG Multi-Band Non-Linear Machine Learning Framework Analysis.","2024","Bioengineering (Basel, Switzerland)","include","0,95","AI-ECG;Structural-heart-disease;DTA-data","include","1","AI-ECG;Structural-heart-disease;DTA-data","agreement","none","include","no"
"reviewer_A_batch_14rows3251-3500.csv","220","rayyan-550689602","25398313","10.1161/CIRCULATIONAHA.114.010637","Phenomapping for novel classification of heart failure with preserved ejection fraction.","2015","Circulation","include","0,95","AI-ECG;Structural-heart-disease;DTA-data","include","1","AI-ECG;Structural-heart-disease;DTA-data","agreement","none","include","no"
"reviewer_A_batch_14rows3251-3500.csv","221","rayyan-550689603","36519436","10.1161/HYPERTENSIONAHA.122.19459","Atrial Fibrillation Detection and Management in Hypertension.","2023","Hypertension (Dallas, Tex. : 1979)","include","0,95","AI-ECG;Structural-heart-disease;DTA-data","include","1","AI-ECG;Structural-heart-disease;DTA-data","agreement","none","include","no"
"reviewer_A_batch_14rows3251-3500.csv","226","rayyan-550689608","40917150","10.1007/s13534-025-00492-6","Optimized multi-stage network with multi-dimensional spatiotemporal interactions for septal and apical hypertrophic cardiomyopathy classification using 12-lead ECGs.","2025","Biomedical engineering letters","include","0,95","AI-ECG;Structural-heart-disease;DTA-data","include","1","AI-ECG;Structural-heart-disease;DTA-data","agreement","none","include","no"
"reviewer_A_batch_14rows3251-3500.csv","227","rayyan-550689609","37192288","10.1161/CIRCHEARTFAILURE.122.010012","Use of a Cardiac Scale to Predict Heart Failure Events: Design of SCALE-HF 1.","2023","Circulation. Heart failure","include","0,95","AI-ECG;Structural-heart-disease;DTA-data","include","1","AI-ECG;Structural-heart-disease;DTA-data","agreement","none","include","no"
"reviewer_A_batch_14rows3251-3500.csv","231","rayyan-550689613","41536466","10.1002/joa3.70269","A Novel Multiparametric Model Integrating Aortoseptal Angle to Predict the Origin of Outflow Tract Ventricular Arrhythmias.","2026","Journal of arrhythmia","include","0,95","AI-ECG;Structural-heart-disease;DTA-data","include","1","AI-ECG;Structural-heart-disease;DTA-data","agreement","none","include","no"
"reviewer_A_batch_14rows3251-3500.csv","240","rayyan-550689622","39654722","10.1016/j.heliyon.2024.e40595","Connected health: Ventricular tachycardia detection with Apple Watch-A case report.","2024","Heliyon","include","0,95","AI-ECG;Structural-heart-disease;DTA-data","include","1","AI-ECG;Structural-heart-disease;DTA-data","agreement","none","include","no"
"reviewer_A_batch_14rows3251-3500.csv","243","rayyan-550689625","40973911","10.1007/s10278-025-01666-5","A New Method of Modeling the Multi-stage Decision-Making Process of CRT Using Machine Learning with Uncertainty Quantification.","2025","Journal of imaging informatics in medicine","include","0,95","AI-ECG;Structural-heart-disease;DTA-data","include","1","AI-ECG;Structural-heart-disease;DTA-data","agreement","none","include","no"
"reviewer_A_batch_14rows3251-3500.csv","245","rayyan-550689628","3875437","10.1161/01.cir.72.4.781","Non-Q wave perioperative myocardial infarction: assessment of the incidence and severity of regional dysfunction with quantitative two-dimensional echocardiography.","1985","Circulation","include","0,95","AI-ECG;Structural-heart-disease;DTA-data","include","1","AI-ECG;Structural-heart-disease;DTA-data","agreement","none","include","no"
"reviewer_A_batch_15rows3501-3539.csv","1","rayyan-550689634","33204143","10.2147/IJGM.S275188","Park Algorithm as Predictor of Premature Ventricular Contraction Origin in Three-Dimensional Mapping Electrophysiological Studies.","2020","International journal of general medicine","include","0,95","AI-ECG;Structural-heart-disease;DTA-data","include","1","AI-ECG;Structural-heart-disease;DTA-data","agreement","none","include","no"
"reviewer_A_batch_15rows3501-3539.csv","2","rayyan-550689635","41716719","10.1016/j.ijcha.2025.101852","Staging of Fabry cardiomyopathy in clinical practice: an algorithm proposal.","2026","International journal of cardiology. Heart & vasculature","include","0,95","AI-ECG;Structural-heart-disease;DTA-data","include","1","AI-ECG;Structural-heart-disease;DTA-data","agreement","none","include","no"
"reviewer_A_batch_15rows3501-3539.csv","3","rayyan-550689636","40535152","10.3389/fcvm.2025.1608992","Case Report: Stepwise noninvasive diagnosis of Takotsubo cardiomyopathy in an elderly patient-From ECG clues to echocardiographic and CTA confirmation.","2025","Frontiers in cardiovascular medicine","include","0,95","AI-ECG;Structural-heart-disease;DTA-data","include","1","AI-ECG;Structural-heart-disease;DTA-data","agreement","none","include","no"
"reviewer_A_batch_15rows3501-3539.csv","4","rayyan-550689637","42155787","10.1016/j.cpcardiol.2026.103371","Multimodal Artificial Intelligence for Early Detection and Precision Management of Inflammatory and Infiltrative Cardiomyopathies.","2026","Current problems in cardiology","include","0,95","AI-ECG;Structural-heart-disease;DTA-data","include","1","AI-ECG;Structural-heart-disease;DTA-data","agreement","none","include","no"
"reviewer_A_batch_15rows3501-3539.csv","5","rayyan-550689638","35722371","10.21037/atm-22-1935","Development of a multivariable clinical prediction model for liposomal doxorubicin-induced cardiotoxicity in adult breast cancer patients: a retrospective multicenter study.","2022","Annals of translational medicine","include","0,95","AI-ECG;Structural-heart-disease;DTA-data","include","1","AI-ECG;Structural-heart-disease;DTA-data","agreement","none","include","no"
"reviewer_A_batch_15rows3501-3539.csv","10","rayyan-550689643","40109297","10.3389/fcvm.2025.1471989","Deep learning-based analysis of 12-lead electrocardiograms in school-age children: a proof of concept study.","2025","Frontiers in cardiovascular medicine","include","0,95","AI-ECG;Structural-heart-disease;DTA-data","include","1","AI-ECG;Structural-heart-disease;DTA-data","agreement","none","include","no"
"reviewer_A_batch_15rows3501-3539.csv","11","rayyan-550689644","36712268","10.3389/fcvm.2022.1032524","Predicting in-hospital all-cause mortality in heart failure using machine learning.","2022","Frontiers in cardiovascular medicine","include","0,95","AI-ECG;Structural-heart-disease;DTA-data","include","1","AI-ECG;Structural-heart-disease;DTA-data","agreement","none","include","no"
"reviewer_A_batch_15rows3501-3539.csv","12","rayyan-550689645","36277775","10.3389/fcvm.2022.976769","Machine learning derived ECG risk score improves cardiovascular risk assessment in conjunction with coronary artery calcium scoring.","2022","Frontiers in cardiovascular medicine","include","0,95","AI-ECG;Structural-heart-disease;DTA-data","include","1","AI-ECG;Structural-heart-disease;DTA-data","agreement","none","include","no"
"reviewer_A_batch_15rows3501-3539.csv","13","rayyan-550689646","41278529","10.1093/ehjimp/qyaf121","Artificial intelligence-based bi-ventricular systolic and diastolic volume, ejection fraction using non-contrast ECG-gated cardiac computed tomography.","2025","European heart journal. Imaging methods and practice","include","0,95","AI-ECG;Structural-heart-disease;DTA-data","include","1","AI-ECG;Structural-heart-disease;DTA-data","agreement","none","include","no"
"reviewer_A_batch_15rows3501-3539.csv","14","rayyan-550689647","39410653","10.3390/diagnostics14192249","Novel Insights into Non-Invasive Diagnostic Techniques for Cardiac Amyloidosis: A Critical Review.","2024","Diagnostics (Basel, Switzerland)","include","0,95","AI-ECG;Structural-heart-disease;DTA-data","include","1","AI-ECG;Structural-heart-disease;DTA-data","agreement","none","include","no"
"reviewer_A_batch_15rows3501-3539.csv","15","rayyan-550689648","41735875","10.1186/s12872-026-05632-z","A predictive model for new-onset mitral regurgitation in ACS patients.","2026","BMC cardiovascular disorders","include","0,95","AI-ECG;Structural-heart-disease;DTA-data","include","1","AI-ECG;Structural-heart-disease;DTA-data","agreement","none","include","no"
"reviewer_A_batch_15rows3501-3539.csv","16","rayyan-550689649","41798873","10.1093/ehjimp/qyag022","Deep learning enables fully automated cineCT-based assessment of regional right ventricular function.","2026","European heart journal. Imaging methods and practice","include","0,95","AI-ECG;Structural-heart-disease;DTA-data","include","1","AI-ECG;Structural-heart-disease;DTA-data","agreement","none","include","no"
"reviewer_A_batch_15rows3501-3539.csv","17","rayyan-550689650","35621835","10.3390/jcdd9050124","What Aspects of Phenotype Determine Risk for Sudden Cardiac Death in Pediatric Hypertrophic Cardiomyopathy?","2022","Journal of cardiovascular development and disease","include","0,95","AI-ECG;Structural-heart-disease;DTA-data","include","1","AI-ECG;Structural-heart-disease;DTA-data","agreement","none","include","no"
"reviewer_A_batch_15rows3501-3539.csv","18","rayyan-550689651","17216166","10.1007/s00259-006-0322-0","Quantification of left ventricular volumes and ejection fraction from gated 99mTc-MIBI SPECT: validation of an elastic surface model approach in comparison to cardiac magnetic resonance imaging, 4D-MSPECT and QGS.","2007","European journal of nuclear medicine and molecular imaging","include","0,95","AI-ECG;Structural-heart-disease;DTA-data","include","1","AI-ECG;Structural-heart-disease;DTA-data","agreement","none","include","no"
"reviewer_A_batch_15rows3501-3539.csv","19","rayyan-550689652","37497440","10.3389/fphys.2023.1162520","Combination of personalized computational modeling and machine learning for optimization of left ventricular pacing site in cardiac resynchronization therapy.","2023","Frontiers in physiology","include","0,95","AI-ECG;Structural-heart-disease;DTA-data","include","1","AI-ECG;Structural-heart-disease;DTA-data","agreement","none","include","no"
"reviewer_A_batch_15rows3501-3539.csv","20","rayyan-550689653","34692790","10.3389/fcvm.2021.738061","Develop and Apply Electrocardiography-Based Risk Score to Identify Community-Based Elderly Individuals at High-Risk of Mortality.","2021","Frontiers in cardiovascular medicine","include","0,95","AI-ECG;Structural-heart-disease;DTA-data","include","1","AI-ECG;Structural-heart-disease;DTA-data","agreement","none","include","no"
"reviewer_A_batch_15rows3501-3539.csv","21","rayyan-550689654","42150097","10.1097/CRD.0000000000001281","Machine Learning in Nonischemic Cardiomyopathy: Phenotyping, Mechanism Discovery, and Clinical Applications.","2026","Cardiology in review","include","0,95","AI-ECG;Structural-heart-disease;DTA-data","include","1","AI-ECG;Structural-heart-disease;DTA-data","agreement","none","include","no"
"reviewer_A_batch_15rows3501-3539.csv","22","rayyan-550689655","40724554","10.3390/life15071052","Longitudinal Myocardial Deformation as an Emerging Biomarker for Post-Traumatic Cardiac Dysfunction.","2025","Life (Basel, Switzerland)","include","0,95","AI-ECG;Structural-heart-disease;DTA-data","include","1","AI-ECG;Structural-heart-disease;DTA-data","agreement","none","include","no"
"reviewer_A_batch_15rows3501-3539.csv","23","rayyan-550689656","36061538","10.3389/fcvm.2022.949294","Ventricular arrhythmia and sudden cardiac death in hypertrophic cardiomyopathy: From bench to bedside.","2022","Frontiers in cardiovascular medicine","include","0,95","AI-ECG;Structural-heart-disease;DTA-data","include","1","AI-ECG;Structural-heart-disease;DTA-data","agreement","none","include","no"
"reviewer_A_batch_15rows3501-3539.csv","24","rayyan-550689657","36741807","10.3389/fphys.2022.1068824","Machine learning-aided detection of heart failure (LVEF </= 49%) by using ballistocardiography and respiratory effort signals.","2022","Frontiers in physiology","include","0,95","AI-ECG;Structural-heart-disease;DTA-data","include","1","AI-ECG;Structural-heart-disease;DTA-data","agreement","none","include","no"
"reviewer_A_batch_15rows3501-3539.csv","25","rayyan-550689658","39199800","10.3390/bioengineering11080842","Beat-by-Beat Estimation of Hemodynamic Parameters in Left Ventricle Based on Phonocardiogram and Photoplethysmography Signals Using a Deep Learning Model: Preliminary Study.","2024","Bioengineering (Basel, Switzerland)","include","0,95","AI-ECG;Structural-heart-disease;DTA-data","include","1","AI-ECG;Structural-heart-disease;DTA-data","agreement","none","include","no"
"reviewer_A_batch_15rows3501-3539.csv","26","rayyan-550689659","41392270","10.1038/s41746-025-02228-3","AI modeling photoplethysmography to electrocardiography useful for predicting cardiovascular disease.","2025","NPJ digital medicine","include","0,95","AI-ECG;Structural-heart-disease;DTA-data","include","1","AI-ECG;Structural-heart-disease;DTA-data","agreement","none","include","no"
"reviewer_A_batch_15rows3501-3539.csv","27","rayyan-550689660","41706769","10.1109/JBHI.2026.3665979","Adaptive Autocorrelation Based Heart Rate Estimation from Single-Axis Seismocardiogram: A Comprehensive Benchmark Across Six Diverse Datasets.","2026","IEEE journal of biomedical and health informatics","include","0,95","AI-ECG;Structural-heart-disease;DTA-data","include","1","AI-ECG;Structural-heart-disease;DTA-data","agreement","none","include","no"
"reviewer_A_batch_15rows3501-3539.csv","29","rayyan-550689662","30679986","10.3892/etm.2018.7041","Sudden cardiac death in football players: Towards a new pre-participation algorithm.","2019","Experimental and therapeutic medicine","include","0,95","AI-ECG;Structural-heart-disease;DTA-data","include","1","AI-ECG;Structural-heart-disease;DTA-data","agreement","none","include","no"
"reviewer_A_batch_15rows3501-3539.csv","32","rayyan-550689665","32500070","10.3389/fbioe.2020.00479","P-Wave Area Predicts New Onset Atrial Fibrillation in Mitral Stenosis: A Machine Learning Approach.","2020","Frontiers in bioengineering and biotechnology","include","0,95","AI-ECG;Structural-heart-disease;DTA-data","include","1","AI-ECG;Structural-heart-disease;DTA-data","agreement","none","include","no"
"reviewer_A_batch_15rows3501-3539.csv","34","rayyan-550689667","35268422","10.3390/jcm11051331","Combined Coronary CT-Angiography and TAVI Planning: Utility of CT-FFR in Patients with Morphologically Ruled-Out Obstructive Coronary Artery Disease.","2022","Journal of clinical medicine","include","0,95","AI-ECG;Structural-heart-disease;DTA-data","include","1","AI-ECG;Structural-heart-disease;DTA-data","agreement","none","include","no"
"reviewer_A_batch_15rows3501-3539.csv","35","rayyan-550689668","11416460","","Spectral Turbulence Analysis: A Valuable Method for the Prediction of Cardiac Events in Elderly Patients With Intraventricular Conduction Abnormalities.","1998","The American journal of geriatric cardiology","include","0,95","AI-ECG;Structural-heart-disease;DTA-data","include","1","AI-ECG;Structural-heart-disease;DTA-data","agreement","none","include","no"
"reviewer_A_batch_15rows3501-3539.csv","36","rayyan-550689669","19131384","10.1136/bmj.a3083","Use of Framingham risk score and new biomarkers to predict cardiovascular mortality in older people: population based observational cohort study.","2009","BMJ (Clinical research ed.)","include","0,95","AI-ECG;Structural-heart-disease;DTA-data","include","1","AI-ECG;Structural-heart-disease;DTA-data","agreement","none","include","no"
"reviewer_A_batch_15rows3501-3539.csv","39","rayyan-550689672","40750160","10.1016/j.jaccas.2025.104207","Early Failure of Subcutaneous ICD in a Patient With a Variant of Rapidly Progressive ARVC.","2025","JACC. Case reports","include","0,95","AI-ECG;Structural-heart-disease;DTA-data","include","1","AI-ECG;Structural-heart-disease;DTA-data","agreement","none","include","no"
